VotingDistrict,ward_id,metro,station,station_type,registered,turnout,tent,pred_turnout,gap_pp,low_turnout_flag
32910230,79700001,Ekurhuleni,OLIFANTFONTEIN COMMUNITY HALL,Hall/Centre,1982,0.5323,0,0.5038,2.85,0
32910331,79700001,Ekurhuleni,MIDSTREAM COLLEGE,School,3720,0.789,0,0.5038,28.52,0
32910375,79700001,Ekurhuleni,HOSANNA KINGDOM CHURCH,Church,2272,0.5533,0,0.5038,4.95,0
32890080,79700002,Ekurhuleni,ASSEMBLIES OF GOD.,Other,1831,0.32,0,0.4072,-8.72,1
32890103,79700002,Ekurhuleni,ENTSHONALANGA PRIMARY SCHOOL,School,3343,0.4795,0,0.4072,7.23,0
32890114,79700002,Ekurhuleni,TLAMATLAMA PRIMARY SCHOOL,School,2460,0.5167,0,0.4072,10.95,0
32890068,79700003,Ekurhuleni,WINNIE MANDELA SECONDARY SCHOOL.,School,5137,0.4049,0,0.4036,0.13,0
32890079,79700003,Ekurhuleni,WINNIE MANDELA PRIMARY SCHOOL,School,3943,0.3533,0,0.4036,-5.03,1
32890091,79700003,Ekurhuleni,REAGILE PRIMARY SCHOOL,School,4491,0.4148,0,0.4036,1.12,0
32890192,79700004,Ekurhuleni,MARHULANA PRIMARY SCHOOL,School,2336,0.5428,0,0.4229,11.99,0
32890204,79700004,Ekurhuleni,SHUKUMANI PRIMARY SCHOOL,School,2826,0.4904,0,0.4229,6.75,0
32890215,79700004,Ekurhuleni,ECALENI PRIMARY SCHOOL,School,1724,0.5383,0,0.4229,11.54,0
32890158,79700005,Ekurhuleni,BOITUMELONG SENIOR SECONDARY  SCHOOL,School,2665,0.4762,0,0.4108,6.54,0
32890169,79700005,Ekurhuleni,THLAKANANG PRIMARY SCHOOL,School,3059,0.4665,0,0.4108,5.57,0
32890259,79700005,Ekurhuleni,SEDIBENG PRIMARY SCHOOL,School,1958,0.5449,0,0.4108,13.41,0
32890293,79700006,Ekurhuleni,MVELAPHANDA PRIMARY SCHOOL,School,2452,0.4629,0,0.4204,4.25,0
32890338,79700006,Ekurhuleni,TEMBISA HIGH SCHOOL,School,1293,0.4764,0,0.4204,5.6,0
32890349,79700006,Ekurhuleni,CHILD ACADEMY EDUCARE CENTRE,School,1768,0.509,0,0.4204,8.86,0
32890305,79700007,Ekurhuleni,THUTO KE MATLA COMPREHENSIVE SCHOOL,School,2170,0.4751,0,0.4171,5.8,0
32890316,79700007,Ekurhuleni,TRANSVAAL BASOTHO LUTHERN CHURCH,Church,3050,0.4764,0,0.4171,5.93,0
32890327,79700007,Ekurhuleni,BERTHARRY ENGLISH PRIVATE SCHOOL,School,3477,0.4553,0,0.4171,3.82,0
32890260,79700008,Ekurhuleni,EMANGWENI PRIMARY SCHOOL,School,3430,0.4364,0,0.4111,2.53,0
32890271,79700008,Ekurhuleni,UNITED CONGREGATIONAL CHURCH OF S.A.,Church,3218,0.4257,0,0.4111,1.46,0
32890709,79700008,Ekurhuleni,MUNICIPAL BUILDING ESSELENPARK EXT. 1,Other,4138,0.4901,0,0.4111,7.9,0
32890361,79700009,Ekurhuleni,SEOTLOANA PRIMARY SCHOOL,School,4042,0.4292,0,0.4148,1.44,0
32890372,79700009,Ekurhuleni,BULAMEHLO CREHCHE,Other,2957,0.4011,0,0.4148,-1.37,0
32890383,79700009,Ekurhuleni,GEREFORMEERDE KERK TEMBISA WEST,Church,1743,0.5049,0,0.4148,9.01,0
32890394,79700010,Ekurhuleni,BOJELONG PRIMARY SCHOOL,School,3525,0.5163,0,0.414,10.23,0
32890417,79700010,Ekurhuleni,WELAMLAMBO PRIMARY SCHOOL,School,1760,0.4301,0,0.414,1.61,0
32900150,79700010,Ekurhuleni,KHATLAMPING PRIMARY SCHOOL,School,4128,0.5266,0,0.414,11.26,0
32900161,79700011,Ekurhuleni,IPONTSHE PRIMARY SCHOOL,School,3302,0.4918,0,0.4178,7.4,0
32900172,79700011,Ekurhuleni,METHODIST CHURCH OF SA,Church,2657,0.4784,0,0.4178,6.06,0
32900183,79700011,Ekurhuleni,PHUTHUMANI PRIMARY SCHOOL,School,4076,0.4755,0,0.4178,5.77,0
32900116,79700012,Ekurhuleni,OR TAMBO PRIMARY SCHOOL,School,5210,0.4651,0,0.4043,6.08,0
32900127,79700012,Ekurhuleni,PHOMOLONG PRIMARY SCHOOL,School,5112,0.4754,0,0.4043,7.11,0
32900149,79700012,Ekurhuleni,PETER ZONGWANE PRIMARY SCHOOL,School,4695,0.4166,0,0.4043,1.23,0
32890529,79700013,Ekurhuleni,BIRCH ACRES PRIMARY SCHOOL,School,4257,0.6347,0,0.4278,20.69,0
32890697,79700013,Ekurhuleni,DOMINION LIFE CATHEDRAL CHURCH ( BIRCH ACRES),Church,3741,0.5122,0,0.4278,8.44,0
32900138,79700013,Ekurhuleni,PHOMOLONG SECONDARY SCHOOL,School,5596,0.4723,0,0.4278,4.45,0
32890428,79700014,Ekurhuleni,NYIKO PRIMARY SCHOOL,School,3193,0.4986,0,0.4245,7.41,0
32890439,79700014,Ekurhuleni,MASISEBENZE COMPREHENSIVE SCHOOL,School,3640,0.4986,0,0.4245,7.41,0
32890440,79700014,Ekurhuleni,MASIQHAKAZE SECONDARY SCHOOL,School,2708,0.5543,0,0.4245,12.98,0
32890013,79700015,Ekurhuleni,LAERSKOOL KRUINSIG,School,6256,0.6124,0,0.5965,1.59,0
32890507,79700015,Ekurhuleni,WYNAND MARAIS HALL,Hall/Centre,4448,0.6432,0,0.5965,4.67,0
32890552,79700015,Ekurhuleni,HOËRSKOOL JEUGLAND,Other,4133,0.7401,0,0.5965,14.36,0
32890024,79700016,Ekurhuleni,ASTON MANOR PRIMARY SCHOOL,School,2752,0.7278,0,0.5706,15.72,0
32890046,79700016,Ekurhuleni,THE OLD APOSTOLIC CHURCH,Church,3093,0.7297,0,0.5706,15.91,0
32890585,79700016,Ekurhuleni,CIVIC CENTRE KEMPTON PARK,Hall/Centre,4159,0.4323,0,0.5706,-13.83,0
32890035,79700017,Ekurhuleni,LAERSKOOL KEMPTON PARK,School,3503,0.445,0,0.5731,-12.81,0
32890608,79700017,Ekurhuleni,CRESSLAWN PRIMARY SCHOOL,School,4215,0.6318,0,0.5731,5.87,0
33020480,79700017,Ekurhuleni,SUMMERFIELD PRIMARY SCHOOL,School,4567,0.7859,0,0.5731,21.28,0
32900037,79700018,Ekurhuleni,TRINITY PRESBYTERIAN CHURCH,Church,2540,0.7228,0,0.5999,12.29,0
32900048,79700018,Ekurhuleni,EDENVALE COMMUNITY CENTRE,Hall/Centre,3390,0.6581,0,0.5999,5.82,0
32900082,79700018,Ekurhuleni,EDENGLEN PRIMARY SCHOOL,School,6793,0.681,0,0.5999,8.11,0
32900015,79700019,Ekurhuleni,DUNVEGAN PRIMARY SCHOOL,School,3236,0.7271,0,0.6175,10.96,0
32900026,79700019,Ekurhuleni,EDENVALE HIGH SCHOOL,School,2601,0.722,0,0.6175,10.45,0
32900059,79700019,Ekurhuleni,NEWDAY  CHURCH,Church,1974,0.6459,0,0.6175,2.84,0
33060800,79700020,Ekurhuleni,BEDFORDVIEW HIGH SCHOOL,School,1863,0.6495,0,0.5924,5.71,0
33060811,79700020,Ekurhuleni,BEDFORDVIEW CITY HALL,Hall/Centre,4944,0.6379,0,0.5924,4.55,0
33060822,79700020,Ekurhuleni,CORNERSTONE CHURCH,Church,2227,0.731,0,0.5924,13.86,0
33020514,79700021,Ekurhuleni,THEMBELIHLE DAY CARE CENTRE,Hall/Centre,3976,0.4263,0,0.4055,2.08,0
33020716,79700021,Ekurhuleni,JERUSALEM CHURCH,Church,2415,0.4853,0,0.4055,7.98,0
33020727,79700021,Ekurhuleni,TSWELOPELE PRE SCHOOL AND CRECHE,School,1117,0.4244,0,0.4055,1.89,0
33020536,79700022,Ekurhuleni,LAERSKOOL CONCORDIA,School,4821,0.6965,0,0.591,10.55,0
33020569,79700022,Ekurhuleni,LAERSKOOL GOUDRAND,School,3981,0.6207,0,0.591,2.97,0
33020570,79700022,Ekurhuleni,WHISPERING WILLOW CONFERENCE CENTRE,Hall/Centre,2220,0.727,0,0.591,13.6,0
32890057,79700023,Ekurhuleni,BONAERO PARK PRIMARY SCHOOL,School,4792,0.6455,0,0.5958,4.97,0
32890866,79700023,Ekurhuleni,EVANGELICAL LUTHERAN CONGREGATION  - KEMPTON PARK,Other,1022,0.8885,0,0.5958,29.27,0
33010625,79700023,Ekurhuleni,LADY FATIMA CHURCH,Church,3559,0.7297,0,0.5958,13.39,0
33010580,79700024,Ekurhuleni,MUSIC ACADEMY OF GAUTENG,School,1198,0.5392,0,0.5443,-0.51,0
33010591,79700024,Ekurhuleni,CRYSTAL PARK HEALTH CLINIC,Other,2868,0.5921,0,0.5443,4.78,0
33010614,79700024,Ekurhuleni,KATHSTAN COLLEGE,School,2913,0.7161,0,0.5443,17.18,0
32890226,79700025,Ekurhuleni,BREDEL LAERSKOOL,School,4381,0.6156,0,0.552,6.36,0
32890877,79700025,Ekurhuleni,OOSRAND AKADEMIE,Other,2491,0.8535,0,0.552,30.15,0
33010568,79700025,Ekurhuleni,PUTFONTEIN PRIMARY SCHOOL,School,1821,0.7199,0,0.552,16.79,0
33010142,79700026,Ekurhuleni,BARCELONA SHOW HOUSES(WATER TANK),Other,3101,0.4831,0,0.4155,6.76,0
33010153,79700026,Ekurhuleni,ETWATWA EXT 23 NEW SCHOOL,School,1943,0.5476,0,0.4155,13.21,0
33010164,79700026,Ekurhuleni,ELOHIM COMMUNITY CHURCH,Church,2864,0.5262,0,0.4155,11.07,0
33010647,79700027,Ekurhuleni,EAST RAND SPEEDBOAT CLUB,Other,3665,0.7517,0,0.6083,14.34,0
33010658,79700027,Ekurhuleni,ST ANDREWS COMMUNITY CHURCH,Church,3872,0.7151,0,0.6083,10.68,0
33010669,79700027,Ekurhuleni,JOHN BARRABLE HALL,Hall/Centre,4644,0.7315,0,0.6083,12.32,0
33010681,79700028,Ekurhuleni,BELVEDERE SCHOOL,School,5082,0.718,0,0.6033,11.47,0
33010715,79700028,Ekurhuleni,BENONI BAPTIST CHURCH,Church,3807,0.7376,0,0.6033,13.43,0
33010726,79700028,Ekurhuleni,GAUTENG EASTERN TENNIS ASSOCIATION,Other,3642,0.6233,0,0.6033,2.0,0
33010760,79700029,Ekurhuleni,SIYENZIWE DAY CARE,Other,3003,0.4412,0,0.4537,-1.25,0
33010771,79700029,Ekurhuleni,ST JOSEPH'S CATHOLIC CHURCH HALL,Church,1556,0.6157,0,0.4537,16.2,0
33010782,79700029,Ekurhuleni,ACTONVILLE COMMUNITY HALL,Hall/Centre,3326,0.5352,0,0.4537,8.15,0
33010793,79700030,Ekurhuleni,SOLOMON MOTLANA PRIMARY SCHOOL,School,2127,0.5604,0,0.4298,13.06,0
33010816,79700030,Ekurhuleni,ISAAC MAKAU PRIMARY SCHOOL,School,1983,0.5608,0,0.4298,13.1,0
33010827,79700030,Ekurhuleni,WATTVILLE DAYCARE CENTRE,Hall/Centre,2830,0.5413,0,0.4298,11.15,0
33010209,79700031,Ekurhuleni,EKUKHANYENI INTERMEDIATE SCHOOL,School,2940,0.567,0,0.4644,10.26,0
33010850,79700031,Ekurhuleni,WATTVILLE YOUTH CENTRE,Hall/Centre,2983,0.5488,0,0.4644,8.44,0
33020345,79700031,Ekurhuleni,VAN DYK PRIMARY SCHOOL,School,4543,0.7004,0,0.4644,23.6,0
33020356,79700032,Ekurhuleni,PARKRAND PRIMARY SCHOOL,School,1982,0.7402,0,0.5839,15.63,0
33020367,79700032,Ekurhuleni,BAANBREKER LAERSKOOL,School,2958,0.7809,0,0.5839,19.7,0
33020378,79700032,Ekurhuleni,PARKDENE PRIMARY SCHOOL,School,3425,0.6911,0,0.5839,10.72,0
33020479,79700033,Ekurhuleni,TENT (DELMOORE PARK),Tent,1822,0.562,1,0.5045,5.75,0
33020503,79700033,Ekurhuleni,LIGHT OF THE WORLD MINISTRIES,Church,4023,0.394,0,0.5045,-11.05,1
33020525,79700033,Ekurhuleni,LAERSKOOL WITFIELD.,School,2773,0.7122,0,0.5045,20.77,0
33020390,79700034,Ekurhuleni,DROMMEDARIS PRIMARY SCHOOL,School,2959,0.6671,0,0.5216,14.55,0
33020402,79700034,Ekurhuleni,OOSRAND SEKONDÊRE SKOOL,Other,1359,0.663,0,0.5216,14.14,0
33020413,79700034,Ekurhuleni,CHRISTIAN REFORMED - CHURCH,Church,3133,0.6866,0,0.5216,16.5,0
33060721,79700035,Ekurhuleni,GALWAY PRIMARY SCHOOL,School,3838,0.377,0,0.4259,-4.89,1
33060732,79700035,Ekurhuleni,DUKATHOLE CLINIC,Other,3199,0.4476,0,0.4259,2.17,0
33060743,79700035,Ekurhuleni,EKURHULENI PRIMARY SCHOOL,School,2936,0.4707,0,0.4259,4.48,0
33060710,79700036,Ekurhuleni,GERMISTON HIGH SCHOOL,School,1543,0.6377,0,0.571,6.67,0
33060787,79700036,Ekurhuleni,WYCHWOOD PRIMARY SCHOOL,School,2985,0.594,0,0.571,2.3,0
33060798,79700036,Ekurhuleni,PRIMROSE PRIMARY SCHOOL,School,4198,0.6086,0,0.571,3.76,0
33000275,79700037,Ekurhuleni,ALBERTON RUGBY CLUB,Other,3615,0.7615,0,0.586,17.55,0
33000309,79700037,Ekurhuleni,LAERSKOOL PRESIDENT STEYN,School,4836,0.7364,0,0.586,15.04,0
33000321,79700037,Ekurhuleni,ALBERTON TEACHER`S CENTRE,Hall/Centre,3709,0.6215,0,0.586,3.55,0
33000196,79700038,Ekurhuleni,EKURHULENI WEST COLLEGE,School,3701,0.7384,0,0.5944,14.4,0
33000208,79700038,Ekurhuleni,GLENBRACK JUNIOR HIGH SCHOOL,School,3258,0.7287,0,0.5944,13.43,0
33000219,79700038,Ekurhuleni,LAERSKOOL ORION,School,2013,0.7124,0,0.5944,11.8,0
33060013,79700039,Ekurhuleni,BOYS SCOUTS HALL,Hall/Centre,2341,0.7228,0,0.5725,15.03,0
33060664,79700039,Ekurhuleni,DINWIDDIE HIGH SCHOOL,School,2788,0.6686,0,0.5725,9.61,0
33060675,79700039,Ekurhuleni,ELSBURG HALL,Hall/Centre,4279,0.6597,0,0.5725,8.72,0
33060529,79700040,Ekurhuleni,AME CHURCH,Church,2900,0.5117,0,0.4234,8.83,0
33060631,79700040,Ekurhuleni,LEONDALE HALL,Hall/Centre,3505,0.5389,0,0.4234,11.55,0
33061036,79700040,Ekurhuleni,BUHLE PARK SECONDARY SCHOOL,School,4507,0.5325,0,0.4234,10.91,0
33060642,79700041,Ekurhuleni,RONDEBULT EXT2 SEC SCHOOL,School,2941,0.491,0,0.4251,6.59,0
33060990,79700041,Ekurhuleni,PHUMULA GARDENS PRIMARY SCHOOL,School,4709,0.5005,0,0.4251,7.54,0
33061058,79700041,Ekurhuleni,FAITH CHURCH.,Church,5993,0.4524,0,0.4251,2.73,0
33020389,79700042,Ekurhuleni,CONQUERORS THROUGH CHRIST MINISTRIES,Church,6552,0.4863,0,0.4338,5.25,0
33020738,79700042,Ekurhuleni,NONCEDO DAY CARE CENTRE,Hall/Centre,1756,0.623,0,0.4338,18.92,0
33060653,79700042,Ekurhuleni,SCHOOL OF ACHIEVEMENT,School,5348,0.6698,0,0.4338,23.6,0
33020299,79700043,Ekurhuleni,FALCON EDUCATIONAL SCHOOL,School,3507,0.5381,0,0.4878,5.03,0
33020312,79700043,Ekurhuleni,SUNWARD PARK HIGH SCHOOL,School,2375,0.7415,0,0.4878,25.37,0
33020323,79700043,Ekurhuleni,FREEWAY PARK PRIMARY SCHOOL,School,2898,0.7277,0,0.4878,23.99,0
33020042,79700044,Ekurhuleni,KUTLOANONG PRIMARY SCHOOL,School,2077,0.6273,0,0.4241,20.32,0
33020053,79700044,Ekurhuleni,ILLINGE HIGH SCHOOL,School,2705,0.5231,0,0.4241,9.9,0
33020064,79700044,Ekurhuleni,KHAYELIHLE PRIMARY SCHOOL,School,3005,0.6233,0,0.4241,19.92,0
33020222,79700045,Ekurhuleni,MASITHWALISANE SECONDARY SCHOOL,School,2871,0.567,0,0.4076,15.94,0
33020244,79700045,Ekurhuleni,BOPANG KGOTSO SCHOOL,School,2721,0.5671,0,0.4076,15.95,0
33020255,79700045,Ekurhuleni,TENT (TONYS MINI MARKET),Tent,2338,0.5192,1,0.4076,11.16,0
33020110,79700046,Ekurhuleni,ORHOVELANI EDUCATION CENTRE,Hall/Centre,2624,0.4253,0,0.4208,0.45,0
33020132,79700046,Ekurhuleni,MTHIMKHULU PRIMARY SCHOOL,School,2845,0.5466,0,0.4208,12.58,0
33020187,79700046,Ekurhuleni,J.D. DUMANE COMMUNITY CENTRE,Hall/Centre,3175,0.6091,0,0.4208,18.83,0
33020075,79700047,Ekurhuleni,METHODIST CHURCH,Church,2511,0.6101,0,0.4236,18.65,0
33020086,79700047,Ekurhuleni,THABANG PRIMARY SCHOOL,School,3512,0.5769,0,0.4236,15.33,0
33020097,79700047,Ekurhuleni,ITUMELENG NURSERY AND PRE-SCHOOL,School,2924,0.5339,0,0.4236,11.03,0
33060282,79700048,Ekurhuleni,SONQOBA SCHOOL,School,2405,0.6108,0,0.4249,18.59,0
33060293,79700048,Ekurhuleni,PHUMULANE SCHOOL,School,2601,0.5644,0,0.4249,13.95,0
33060327,79700048,Ekurhuleni,MPONTSHENG HIGH SCHOOL,School,2089,0.5907,0,0.4249,16.58,0
33060372,79700049,Ekurhuleni,MATSHEDISO SCHOOL,School,2352,0.5536,0,0.4205,13.31,0
33060383,79700049,Ekurhuleni,EWC KATHORUS COLLEGE,School,2545,0.5576,0,0.4205,13.71,0
33060394,79700049,Ekurhuleni,KEKETSO PRIMARY SCHOOL,School,2595,0.5491,0,0.4205,12.86,0
33060439,79700050,Ekurhuleni,TENT @ FREEDOM PARK SQUARE,Tent,2744,0.5102,1,0.4126,9.76,0
33060440,79700050,Ekurhuleni,PHUMELELA COMBINED SCHOOL,School,1448,0.5684,0,0.4126,15.58,0
33060462,79700050,Ekurhuleni,DE BRUYN PRIMARY SCHOOL,School,1220,0.618,0,0.4126,20.54,0
33060563,79700051,Ekurhuleni,TAMAHO CHILD CARE CENTRE,Hall/Centre,2627,0.4926,0,0.4186,7.4,0
33060574,79700051,Ekurhuleni,TAMAHO PRIMARY SCHOOL,School,2721,0.4778,0,0.4186,5.92,0
33060585,79700051,Ekurhuleni,WORD OF LIFE VICTORY CENTRE,Hall/Centre,2263,0.5082,0,0.4186,8.96,0
33000185,79700052,Ekurhuleni,THOKOZA AUDITORIUM HALL,Hall/Centre,5316,0.4549,0,0.3935,6.14,0
33000343,79700052,Ekurhuleni,BAMBANANI DAYCARE CENTRE,Hall/Centre,1541,0.4601,0,0.3935,6.66,0
33060484,79700052,Ekurhuleni,SAMSON PRIMARY SCHOOL,School,2162,0.5296,0,0.3935,13.61,0
33000062,79700053,Ekurhuleni,PHOLA PARK HALL,Hall/Centre,4074,0.4951,0,0.4015,9.36,0
33000073,79700053,Ekurhuleni,TIISETSONG HIGH SCHOOL,School,2762,0.5608,0,0.4015,15.93,0
33000398,79700053,Ekurhuleni,TENT (THINASONKE EXT.3),Tent,731,0.6416,1,0.4015,24.01,0
33000130,79700054,Ekurhuleni,UNITING REFORMED CHURCH,Church,2119,0.5833,0,0.426,15.73,0
33000141,79700054,Ekurhuleni,LUTHERAN CHURCH,Church,2085,0.5496,0,0.426,12.36,0
33000152,79700054,Ekurhuleni,REFORM APOSTOLIC CHURCH OF S.A  ( THINTWA VILLAGE),Church,2731,0.5925,0,0.426,16.65,0
33060260,79700055,Ekurhuleni,NOKULUNGO PRIMARY SCHOOL,School,1591,0.6166,0,0.4278,18.88,0
33060305,79700055,Ekurhuleni,THEMBALETHU PRIMARY SCHOOL,School,1733,0.5828,0,0.4278,15.5,0
33060316,79700055,Ekurhuleni,KATLEHONG TECHNICAL CENTRE,Hall/Centre,2032,0.4926,0,0.4278,6.48,0
33000084,79700056,Ekurhuleni,UMZAMO PRIMARY SCHOOL,School,1986,0.5881,0,0.4242,16.39,0
33000095,79700056,Ekurhuleni,NEW BRETHERN APOSTOLIC CHURCH,Church,2357,0.6135,0,0.4242,18.93,0
33000107,79700056,Ekurhuleni,SAM NTULI SPORTS CENTRE,Hall/Centre,2837,0.6225,0,0.4242,19.83,0
33000017,79700057,Ekurhuleni,J.D THOMAS HALL,Hall/Centre,3406,0.6025,0,0.4318,17.07,0
33000028,79700057,Ekurhuleni,EDENPARK HIGH SCHOOL,School,3193,0.6301,0,0.4318,19.83,0
33000040,79700057,Ekurhuleni,MOHLODI PRIMARY SCHOOL,School,3833,0.5189,0,0.4318,8.71,0
33000332,79700058,Ekurhuleni,GREENFIELDS COMMUNITY HALL,Hall/Centre,5560,0.5944,0,0.4163,17.81,0
33061025,79700058,Ekurhuleni,REALEBOHA PRIMARY SCHOOL,School,3859,0.5387,0,0.4163,12.24,0
33061047,79700058,Ekurhuleni,INTERNATIONAL PENTECOSTAL HOLINESS CHURCH,Church,2786,0.5215,0,0.4163,10.52,0
33060237,79700059,Ekurhuleni,PONEGO SCHOOL,School,3074,0.6028,0,0.4304,17.24,0
33060248,79700059,Ekurhuleni,HLESIPHI SCHOOL,School,1875,0.5733,0,0.4304,14.29,0
33060271,79700059,Ekurhuleni,BETHESDA EVANGELICAL CHURCH.,Church,2660,0.5447,0,0.4304,11.43,0
33060114,79700060,Ekurhuleni,ABRAM HLOPE PRIMARY SCHOOL,School,3676,0.6387,0,0.4136,22.51,0
33060125,79700060,Ekurhuleni,TENT - MOLELEKI EXT 1,Tent,2053,0.6327,1,0.4136,21.91,0
33060215,79700060,Ekurhuleni,THE TRUE VINE WORSHIP CENTRE,Hall/Centre,3095,0.5771,0,0.4136,16.35,0
33000376,79700061,Ekurhuleni,THABOTONA PRIMARY SCHOOL 34,School,2643,0.5516,0,0.4047,14.69,0
33000477,79700061,Ekurhuleni,PHEASANT FOLLY PRIMARY SCHOOL,School,1289,0.8161,0,0.4047,41.14,0
33060024,79700061,Ekurhuleni,APOSTOLIC GOSPEL CHURCH INTERNATIONAL,Church,2388,0.5561,0,0.4047,15.14,0
33020761,79700062,Ekurhuleni,TENT THULASIZWE GROUND,Tent,212,0.7406,1,0.4195,32.11,0
33060057,79700062,Ekurhuleni,FATHER MASANGO`S ST JOHN`S APOSTOLIC FAITH MISSION,Other,2194,0.4968,0,0.4195,7.73,0
33060068,79700062,Ekurhuleni,MANZINI PRIMARY SCHOOL,School,4057,0.6017,0,0.4195,18.22,0
33060170,79700063,Ekurhuleni,BEULAH CHRISTIANS FELLOWSHIP,Other,2315,0.5533,0,0.4246,12.87,0
33060181,79700063,Ekurhuleni,AMAKHANDONIYA CHURCH OF GOD,Church,1832,0.6021,0,0.4246,17.75,0
33060192,79700063,Ekurhuleni,THUTOPELE SECONDARY SCHOOL.,School,2833,0.5595,0,0.4246,13.49,0
33020176,79700064,Ekurhuleni,KHULISA COMMUNITY HALL,Hall/Centre,3591,0.4884,0,0.4192,6.92,0
33020200,79700064,Ekurhuleni,ERASMUS MONARENG SECONDARY SCHOOL,School,3893,0.5718,0,0.4192,15.26,0
33020211,79700064,Ekurhuleni,TEMPORARY VOTING STATION (VACANT SCHOOL SITE),School,2314,0.5389,0,0.4192,11.97,0
33010018,79700065,Ekurhuleni,THEMBELIHLE PRIMARY SCHOOL,School,4466,0.5249,0,0.4147,11.02,0
33010029,79700065,Ekurhuleni,TENT (EMAPHUPHENI WATER TANK),Tent,2469,0.5974,1,0.4147,18.27,0
33010030,79700065,Ekurhuleni,PHANDIMFUNDO SECONDARY SCHOOL,School,2858,0.5927,0,0.4147,17.8,0
33010041,79700066,Ekurhuleni,KGOLAGANO PRIMARY SCHOOL,School,2840,0.5884,0,0.4121,17.63,0
33010063,79700066,Ekurhuleni,ROLIHLAHLA PRIMARY SCHOOL,School,2443,0.6021,0,0.4121,19.0,0
33010074,79700066,Ekurhuleni,TENT (PHILLIP MOYO MEMORIAL HEALTH CLINIC),Tent,2006,0.6157,1,0.4121,20.36,0
33010085,79700067,Ekurhuleni,CAIPHUS NYOKA HIGH SCHOOL,School,2825,0.5366,0,0.4293,10.73,0
33010108,79700067,Ekurhuleni,TSHEPO THEMBA,Other,2635,0.6175,0,0.4293,18.82,0
33010120,79700067,Ekurhuleni,EMMANUEL BAPTIST CHURCH,Church,1988,0.5407,0,0.4293,11.14,0
33010265,79700068,Ekurhuleni,MBIKWA CINDI HALL,Hall/Centre,2431,0.5664,0,0.4056,16.08,0
33010276,79700068,Ekurhuleni,AFRICAN CATHOLIC CHURCH,Church,1926,0.5867,0,0.4056,18.11,0
33010287,79700068,Ekurhuleni,SIPHETHU PRIMARY SCHOOL,School,1910,0.5471,0,0.4056,14.15,0
33010322,79700069,Ekurhuleni,DAVEY SENIOR SECONDARY SCHOOL,School,987,0.5147,0,0.424,9.07,0
33010333,79700069,Ekurhuleni,HB NYATHI SECONDARY SCHOOL,School,1185,0.5646,0,0.424,14.06,0
33010344,79700069,Ekurhuleni,BHEKIMFUNDO PRIMARY SCHOOL,School,2685,0.5371,0,0.424,11.31,0
33010412,79700070,Ekurhuleni,RIVONI SECONDARY SCHOOL,School,1997,0.5323,0,0.4247,10.76,0
33010423,79700070,Ekurhuleni,KGALEMA PRIMARY SCHOOL,School,1931,0.5396,0,0.4247,11.49,0
33010434,79700070,Ekurhuleni,BAIKAGETSE INTERMEDIATE SCHOOL,School,2411,0.5077,0,0.4247,8.3,0
33010445,79700071,Ekurhuleni,VICTOR NDLAZILWANE HALL,Hall/Centre,2561,0.4533,0,0.423,3.03,0
33010535,79700071,Ekurhuleni,TIMKEN YOUTH CENTRE,Hall/Centre,1659,0.563,0,0.423,14.0,0
33010546,79700071,Ekurhuleni,HULWAZI SCHOOL,School,2490,0.5092,0,0.423,8.62,0
33090106,79700072,Ekurhuleni,MORESTER PRIMARY SCHOOL,School,2319,0.6494,0,0.4747,17.47,0
33090397,79700072,Ekurhuleni,DR WK DU PLESSIS 2 (KLOP KLOPPIE),Other,1761,0.6604,0,0.4747,18.57,0
33090409,79700072,Ekurhuleni,JAMESON GIRLS HIGH SCHOOL,School,1633,0.6871,0,0.4747,21.24,0
33010704,79700073,Ekurhuleni,RON HOWIE HALL,Hall/Centre,1692,0.607,0,0.4693,13.77,0
33010737,79700073,Ekurhuleni,WILLOW MOORE HIGH SCHOOL,School,1946,0.5267,0,0.4693,5.74,0
33010748,79700073,Ekurhuleni,BENONI CITY HALL,Hall/Centre,3707,0.59,0,0.4693,12.07,0
33030469,79700074,Ekurhuleni,GOSPEL TRUTH CHURH,Other,1243,0.5181,0,0.4345,8.36,0
33090195,79700074,Ekurhuleni,MARGARET MALTMAN CRECHE,Other,2491,0.5861,0,0.4345,15.16,0
33090207,79700074,Ekurhuleni,THEO TWALA PRIMARY SCHOOL,School,2611,0.535,0,0.4345,10.05,0
33090117,79700075,Ekurhuleni,WELGEDAG PRIMARY SCHOOL,School,2040,0.576,0,0.4829,9.31,0
33090218,79700075,Ekurhuleni,VUKUCINGE PRIMARY SCHOOL,School,2655,0.5307,0,0.4829,4.78,0
33090342,79700075,Ekurhuleni,LAERSKOOL WERDA,School,1719,0.6079,0,0.4829,12.5,0
33090285,79700076,Ekurhuleni,SPRINGS GIRLS HIGH SCHOOL,School,2340,0.6979,0,0.5537,14.42,0
33090296,79700076,Ekurhuleni,TENT-NEXT TO ST CATHRINE`S CATHOLIC CHURCH,Tent,1858,0.7201,1,0.5537,16.64,0
33090308,79700076,Ekurhuleni,LAERSKOOL SELECTION PARK,School,2891,0.6562,0,0.5537,10.25,0
33090027,79700077,Ekurhuleni,KWATHEMA PRIMARY SCHOOL,School,2196,0.5833,0,0.4229,16.04,0
33090050,79700077,Ekurhuleni,NKABINDE PRIMARY SCHOOL,School,1910,0.6089,0,0.4229,18.6,0
33090173,79700077,Ekurhuleni,PHULONG SECONDARY SCHOOL,School,2521,0.5303,0,0.4229,10.74,0
33090128,79700078,Ekurhuleni,MASIMINI PRIMARY SCHOOL,School,2407,0.4961,0,0.4266,6.95,0
33090139,79700078,Ekurhuleni,ITHEMBALIKAZULU SENIOR PRIMARY SCHOOL,School,1973,0.5347,0,0.4266,10.81,0
33090151,79700078,Ekurhuleni,JOB MASEKO PRIMARY SCHOOL,School,2468,0.5211,0,0.4266,9.45,0
33030111,79700079,Ekurhuleni,LED OFFICE (NEXT TO SANCOPAYPOINT),Other,2942,0.4024,0,0.4211,-1.87,0
33030122,79700079,Ekurhuleni,ITHOPIA CHURCH,Church,2458,0.4675,0,0.4211,4.64,0
33030133,79700079,Ekurhuleni,LANGAVILLE SECONDARY SCHOOL,School,2530,0.547,0,0.4211,12.59,0
33090016,79700080,Ekurhuleni,EBENNEZER DAYCARE AND CRECHE,Other,2704,0.5455,0,0.426,11.95,0
33090038,79700080,Ekurhuleni,MUZOMSHA PRIMARY SCHOOL,School,2632,0.4962,0,0.426,7.02,0
33090049,79700080,Ekurhuleni,ST MATTHEWS METHODIST CHURCH,Church,1033,0.6079,0,0.426,18.19,0
33030144,79700081,Ekurhuleni,MENZI PRIMARY SCHOOL,School,2555,0.535,0,0.4263,10.87,0
33030155,79700081,Ekurhuleni,ROMAN CATHOLIC CHURCH,Church,1851,0.5737,0,0.4263,14.74,0
33030166,79700081,Ekurhuleni,NEW AFRICAN GAZA CHURCH,Church,2265,0.4596,0,0.4263,3.33,0
33030199,79700082,Ekurhuleni,J E MALEPE SECONDARY SCHOOL,School,2439,0.581,0,0.4332,14.78,0
33030201,79700082,Ekurhuleni,MICHAEL ZULU SCHOOL,School,2638,0.5997,0,0.4332,16.65,0
33030212,79700082,Ekurhuleni,AGC CHURCH,Church,1396,0.5738,0,0.4332,14.06,0
33030223,79700083,Ekurhuleni,THOLULWAZI SCHOOL,School,2669,0.5444,0,0.4277,11.67,0
33030234,79700083,Ekurhuleni,SHADRACK MBAMBO PRIMARY SCHOOL,School,2049,0.5935,0,0.4277,16.58,0
33030245,79700083,Ekurhuleni,MANGOSUTHU SCHOOL,School,2077,0.5513,0,0.4277,12.36,0
33030324,79700084,Ekurhuleni,RESHOGOFADITSWE SECONDARY SCHOOL,School,3286,0.5463,0,0.397,14.93,0
33030335,79700084,Ekurhuleni,TSAKANE EXT 17 TENT,Tent,3340,0.4671,1,0.397,7.01,0
33030346,79700084,Ekurhuleni,EKUPHILENI CRECHE,Other,1775,0.5797,0,0.397,18.27,0
33030010,79700085,Ekurhuleni,HOLINESS UNION CHURCH,Church,2360,0.5678,0,0.4269,14.09,0
33030278,79700085,Ekurhuleni,LETSIE PRIMARY SCHOOL,School,2088,0.5924,0,0.4269,16.55,0
33030302,79700085,Ekurhuleni,NCHABELENG SCHOOL,School,2293,0.5783,0,0.4269,15.14,0
33030537,79700086,Ekurhuleni,TENT EXTENSION 17 OPEN SPACE NXT TO HOUSE NO 176,Tent,1463,0.6118,1,0.4103,20.15,0
33030582,79700086,Ekurhuleni,RIVER OF LIFE CHURCH,Church,932,0.4785,0,0.4103,6.82,0
33080105,79700086,Ekurhuleni,ASSER MALOKA HIGH SCHOOL,School,1646,0.6555,0,0.4103,24.52,0
33080060,79700087,Ekurhuleni,MASECHABAVIEW (SEAD)CLINIC,Other,2086,0.5839,0,0.4021,18.18,0
33080071,79700087,Ekurhuleni,TENT (NEXT TO RETENTION DAM),Tent,3756,0.5921,1,0.4021,19.0,0
33080093,79700087,Ekurhuleni,DUDUZA MULTIPURPOSE CENTRE,Hall/Centre,1365,0.5487,0,0.4021,14.66,0
33080015,79700088,Ekurhuleni,MACKENZIEVILLE COMMUNITY HALL,Hall/Centre,2510,0.5952,0,0.4915,10.37,0
33080026,79700088,Ekurhuleni,ALRAPARK COMMUNITY HALL,Hall/Centre,2697,0.5769,0,0.4915,8.54,0
33080037,79700088,Ekurhuleni,NIGEL HIGH SCHOOL,School,2838,0.6942,0,0.4915,20.27,0
32890406,79700089,Ekurhuleni,TERSIA KING LEARNING ACADEMY,School,2322,0.5409,0,0.4179,12.3,0
32890619,79700089,Ekurhuleni,AFRICAN COPTIC ORTHODOX CHURCH,Church,2711,0.4666,0,0.4179,4.87,0
32890653,79700089,Ekurhuleni,THEMBINKOSI SCHOOL FOR LSEN,School,2562,0.4676,0,0.4179,4.97,0
32890473,79700090,Ekurhuleni,ARMOUR FOUNDATION PRIVATE SCHOOL,School,3510,0.3801,0,0.3979,-1.78,1
32890642,79700090,Ekurhuleni,EHLANZENI HOSTEL HALL,Hall/Centre,2499,0.4002,0,0.3979,0.23,0
32890675,79700090,Ekurhuleni,NCP HALL,Hall/Centre,3269,0.4622,0,0.3979,6.43,0
32890484,79700091,Ekurhuleni,COEN SCHOLTZ COMMUNITY CENTRE HALL,Hall/Centre,5109,0.6381,0,0.5241,11.4,0
32890495,79700091,Ekurhuleni,JEUGPARK LAERSKOOL,School,3764,0.6517,0,0.5241,12.76,0
32890518,79700091,Ekurhuleni,NORKEM PARK PRIMARY SCHOOL,School,2582,0.7037,0,0.5241,17.96,0
33060877,79700092,Ekurhuleni,ITHEMBELIHLE LSEN SCHOOL,School,2101,0.6987,0,0.5698,12.89,0
33060888,79700092,Ekurhuleni,GOUDRIF HIGH SCHOOL,School,3677,0.7267,0,0.5698,15.69,0
33060899,79700092,Ekurhuleni,LAERSKOOL OOSTERKRUIN,School,2530,0.7142,0,0.5698,14.44,0
33020491,79700093,Ekurhuleni,LIVING WATERS ASSEMBLY,Other,3310,0.4613,0,0.3883,7.3,0
33060754,79700093,Ekurhuleni,GOOD HOPE PRE-SCHOOL,School,2799,0.4216,0,0.3883,3.33,0
33060765,79700093,Ekurhuleni,VUKUKHANYE PRE-SCHOOL,School,3967,0.3118,0,0.3883,-7.65,1
33000220,79700094,Ekurhuleni,BRACKEN PARK COMMUNITY HALL,Hall/Centre,4155,0.6823,0,0.5384,14.39,0
33000264,79700094,Ekurhuleni,ALBERTON FIRE STATION,Other,4685,0.7466,0,0.5384,20.82,0
33000387,79700094,Ekurhuleni,ST FRANCIS CHURCH,Church,1599,0.7805,0,0.5384,24.21,0
33020019,79700095,Ekurhuleni,LETHULWAZI SECONDARY SCHOOL,School,3982,0.5535,0,0.4036,14.99,0
33020020,79700095,Ekurhuleni,MAMPUDI PRIMARY SCHOOL,School,3357,0.5296,0,0.4036,12.6,0
33020615,79700095,Ekurhuleni,VACANT SITE-MAPLETON EXT10 (TENT),Tent,3974,0.5232,1,0.4036,11.96,0
33010298,79700096,Ekurhuleni,PUTFONTEIN PORTION 100 (TENT),Tent,3240,0.5531,1,0.4073,14.58,0
33010311,79700096,Ekurhuleni,PORTION 37 OF PUTFONTEIN,Other,2770,0.5556,0,0.4073,14.83,0
33010355,79700096,Ekurhuleni,AFRICAN CHURCH,Church,4385,0.5113,0,0.4073,10.4,0
33030021,79700097,Ekurhuleni,INDOOR SPORTS CENTRE,Hall/Centre,2455,0.6257,0,0.5518,7.39,0
33030032,79700097,Ekurhuleni,TOWN HALL,Hall/Centre,4006,0.5709,0,0.5518,1.91,0
33030043,79700097,Ekurhuleni,HOËRSKOOL DIE ANKER,Other,3252,0.6931,0,0.5518,14.13,0
33080138,79700098,Ekurhuleni,LUCKY MKHWANAZI CLINIC,Other,2883,0.5571,0,0.4285,12.86,0
33080149,79700098,Ekurhuleni,NN NDEBELE PRIMARY SCHOOL,School,2007,0.5267,0,0.4285,9.82,0
33080172,79700098,Ekurhuleni,IPHAHAMISENG PRIMARY SCHOOL,School,2024,0.5805,0,0.4285,15.2,0
33020301,79700099,Ekurhuleni,WINDMILL PARK PRIMARY SCHOOL,School,5717,0.4751,0,0.4183,5.68,0
33020604,79700099,Ekurhuleni,VACANT SITE ULUNDI TAXI RANK,Other,4268,0.5818,0,0.4183,16.35,0
33020693,79700099,Ekurhuleni,THULASIZWE PRIMARY SCHO0L,School,1643,0.5277,0,0.4183,10.94,0
32890147,79700100,Ekurhuleni,MORITING PARK MUNICIPAL PROPERTY,Other,2949,0.4354,0,0.4052,3.02,0
32890170,79700100,Ekurhuleni,SETHOKGA HOSTEL HALL,Hall/Centre,4513,0.3519,0,0.4052,-5.33,1
32890181,79700100,Ekurhuleni,SETHOKGA HOSTEL PARK,Other,3284,0.4026,0,0.4052,-0.26,0
33060136,79700101,Ekurhuleni,BAPTIST COMMUNITY  CHURCH,Church,2908,0.5165,0,0.4129,10.36,0
33060147,79700101,Ekurhuleni,OLD APOSTOLIC CHURCH,Church,1737,0.5878,0,0.4129,17.49,0
33060169,79700101,Ekurhuleni,CHIVIRIKANI PRIMARY SCHOOL,School,3273,0.5698,0,0.4129,15.69,0
32890754,79700102,Ekurhuleni,A MAPHETHO PRIMARY SCHOOL,School,3219,0.5241,0,0.4022,12.19,0
32910072,79700102,Ekurhuleni,APOSTOLIC SAVES GOSPEL CHURH,Other,2572,0.3227,0,0.4022,-7.95,1
32910263,79700102,Ekurhuleni,MPUMELELO PRIMARY SCHOOL,School,4988,0.3683,0,0.4022,-3.39,1
33000039,79700103,Ekurhuleni,NQUBELA PRIMARY SCHOOL,School,3549,0.5996,0,0.4243,17.53,0
33060158,79700103,Ekurhuleni,PALM RIDGE COMMUNITY HALL,Hall/Centre,5372,0.4931,0,0.4243,6.88,0
33061104,79700103,Ekurhuleni,KWENELE REGIONAL PARK,Other,2272,0.6695,0,0.4243,24.52,0
32890530,79700104,Ekurhuleni,MOOIFONTEIN LAERSKOOL,School,4136,0.6789,0,0.5491,12.98,0
32890541,79700104,Ekurhuleni,WESTSIDE PRIMARY SCHOOL,School,3948,0.5937,0,0.5491,4.46,0
32890563,79700104,Ekurhuleni,EDLEEN PRIMARY SCHOOL,School,2877,0.634,0,0.5491,8.49,0
33030054,79700105,Ekurhuleni,HOUSE OF REVIVAL CHURCH,Church,908,0.4945,0,0.5874,-9.29,0
33030076,79700105,Ekurhuleni,DIE AREND PRIMARY SCHOOL,School,1478,0.6055,0,0.5874,1.81,0
33030087,79700105,Ekurhuleni,DALVIEW PRIMARY SCHOOL,School,3953,0.7177,0,0.5874,13.03,0
33000253,79700106,Ekurhuleni,TENT (INFO KIOSK),Tent,6250,0.7171,1,0.5555,16.16,0
33000286,79700106,Ekurhuleni,ALBERTON HIGH SCHOOL,School,3710,0.7337,0,0.5555,17.82,0
33000297,79700106,Ekurhuleni,ALBERTON LIBRARY AUDITORIUM,Other,3802,0.7078,0,0.5555,15.23,0
33020031,79700107,Ekurhuleni,NAGENG PRIMARY SCHOOL,School,2375,0.5789,0,0.427,15.19,0
33020671,79700107,Ekurhuleni,NEW LIFE BIBLE CHRISTIAN CHURCH,Church,1540,0.6104,0,0.427,18.34,0
33020750,79700107,Ekurhuleni,TSWELOPELE CLINIC,Other,1095,0.6785,0,0.427,25.15,0
33060079,79700108,Ekurhuleni,KATLEHONG SOUTH SECONDARY SCHOOL,School,2645,0.524,0,0.4058,11.82,0
33060080,79700108,Ekurhuleni,KATLEHONG SOUTH PRIMARY SCHOOL,School,4360,0.569,0,0.4058,16.32,0
33060091,79700108,Ekurhuleni,ETHOPIA INTERNATIONAL CHURCH OF SOUTH AFRICA,Church,2249,0.598,0,0.4058,19.22,0
33010186,79700109,Ekurhuleni,WJ MPENGESI PRIMARY SCHOOL,School,2296,0.6054,0,0.413,19.24,0
33010197,79700109,Ekurhuleni,TENT (EXT 7 SOCCER FIELD),Tent,1566,0.6692,1,0.413,25.62,0
33010210,79700109,Ekurhuleni,QUANTUM SECONDARY SCHOOL,School,1539,0.614,0,0.413,20.1,0
33010489,79700110,Ekurhuleni,BAFO CHICO PRIMARY SCHOOL,School,2146,0.5107,0,0.426,8.47,0
33010502,79700110,Ekurhuleni,SOZIZWE PRIMARY SCHOOL,School,1640,0.5415,0,0.426,11.55,0
33010513,79700110,Ekurhuleni,UNITY SECONDARY SCHOOL,School,2769,0.5522,0,0.426,12.62,0
33030559,79700111,Ekurhuleni,THE METHODIST CHURCH OF SOUTHERN AFRICA,Church,1091,0.6508,0,0.42,23.08,0
33030616,79700111,Ekurhuleni,HOUSE OF RESTORATION CHURCH,Church,1127,0.6699,0,0.42,24.99,0
33080228,79700111,Ekurhuleni,DUNNOTTAR PRIMARY SCHOOL,School,3150,0.5952,0,0.42,17.52,0
33030065,79700112,Ekurhuleni,TWELVE APOSTLE CHURCH OF AFRICA,Church,3001,0.5345,0,0.4211,11.34,0
33030290,79700112,Ekurhuleni,PHUMLANI PRIMARY SCHOOL,School,1743,0.5892,0,0.4211,16.81,0
33030380,79700112,Ekurhuleni,BUHLEBEMFUNDO SECONDARY SCHOOL,School,2818,0.5373,0,0.4211,11.62,0
32860728,79800001,Johannesburg,THE VICTORIOUS RESTORATION CHURCH INTERNATIONAL,Church,3554,0.2783,0,0.4125,-13.42,1
32860896,79800001,Johannesburg,TSHEPANA PRIMARY SCHOOL,School,1398,0.377,0,0.4125,-3.55,1
32860919,79800001,Johannesburg,THAMSANQA SECONDARY SCHOOL,School,2330,0.5863,0,0.4125,17.38,0
32861011,79800002,Johannesburg,QOQA SECONDARY SCHOOL,School,1914,0.395,0,0.393,0.2,1
32861033,79800002,Johannesburg,TENT ORANGE FARM EXT 1 NEXT TO NAMBITHA,Tent,1402,0.2924,1,0.393,-10.06,1
32862359,79800002,Johannesburg,LANGALIBALELE PRIMARY SCHOOL,School,2701,0.3443,0,0.393,-4.87,1
32860874,79800003,Johannesburg,LESHATA SECONDARY SCHOOL,School,2580,0.3589,0,0.4053,-4.64,1
32860908,79800003,Johannesburg,RADIPABI PRIMARY SCHOOL,School,2462,0.3846,0,0.4053,-2.07,1
32860920,79800003,Johannesburg,LAUS DEO PRIMARY SCHOOL,School,1409,0.3456,0,0.4053,-5.97,1
32860852,79800004,Johannesburg,INTLONIPHO PRIMARY SCHOOL,School,3370,0.3647,0,0.4159,-5.12,1
32860863,79800004,Johannesburg,VULANINDLELA SECONDARY SCHOOL,School,2106,0.4027,0,0.4159,-1.32,0
32860885,79800004,Johannesburg,REITUMETSE PRIMARY SCHOOL,School,533,0.3133,0,0.4159,-10.26,1
32860717,79800005,Johannesburg,GOVAN MBEKI PRIMARY SCHOOL,School,4116,0.353,0,0.4035,-5.05,1
32860942,79800005,Johannesburg,ST CHARLES LWANGA EDUCATION AND TRAINING CENTRE,Hall/Centre,2149,0.194,0,0.4035,-20.95,1
32860997,79800005,Johannesburg,IMFUNDU THUTO DAYCARE,Other,1002,0.4022,0,0.4035,-0.13,0
32862371,79800006,Johannesburg,THUTHUKANI-TSWELOPELE PRIMARY SCHOOL,School,3233,0.4436,0,0.4027,4.09,0
32862382,79800006,Johannesburg,SAKHISIZWE SECONDARY SCHOOL,School,3987,0.2992,0,0.4027,-10.35,1
32862427,79800006,Johannesburg,GODS PLAN CHURCH,Church,1019,0.4593,0,0.4027,5.66,0
32861044,79800007,Johannesburg,ENNERDALE EVANGELIC CHURCH,Church,2780,0.5349,0,0.389,14.59,0
32861055,79800007,Johannesburg,MID-ENNERDALE PRIMARY SCHOOL,School,3991,0.5282,0,0.389,13.92,0
32861066,79800007,Johannesburg,FRED NORMAN SECONDARY SCHOOL,School,3082,0.5191,0,0.389,13.01,0
32860694,79800008,Johannesburg,APEX PRIMARY SCHOOL,School,1975,0.3681,0,0.3993,-3.12,1
32860706,79800008,Johannesburg,BIG BEAR CRECHE,Other,1857,0.3856,0,0.3993,-1.37,1
32862483,79800008,Johannesburg,LAWLEY COMMUNITY CRECHE,Hall/Centre,2811,0.365,0,0.3993,-3.43,1
32860616,79800009,Johannesburg,HARMONY PRIMARY  SCHOOL,School,1713,0.5388,0,0.4336,10.52,0
32860638,79800009,Johannesburg,LENASIA CIVIC CENTRE,Hall/Centre,3049,0.3463,0,0.4336,-8.73,1
32860649,79800009,Johannesburg,PARK PRIMARY SCHOOL,School,2389,0.4902,0,0.4336,5.66,0
32860021,79800010,Johannesburg,TENT PROTEA SOUTH (NEAR HOUSE NO. 3940),Tent,2385,0.4243,1,0.3487,7.56,0
32860065,79800010,Johannesburg,TENT OPP HOUSE 3943 VENTURE STREET,Tent,3121,0.3547,1,0.3487,0.6,1
32860087,79800010,Johannesburg,ALTMONT TECHNICAL HIGH SCHOOL,School,2644,0.396,0,0.3487,4.73,1
32860593,79800011,Johannesburg,FIRETHORN PRIMARY SCHOOL,School,2049,0.5222,0,0.3822,14.0,0
32860605,79800011,Johannesburg,ST IVES PRIMARY SCHOOL,School,1950,0.5631,0,0.3822,18.09,0
32862203,79800011,Johannesburg,UNITING PRESBYTERIAN CHURCH,Church,2097,0.3371,0,0.3822,-4.51,1
32861189,79800012,Johannesburg,ELSIE NGIDI PRIMARY SCHOOL,School,1792,0.4554,0,0.3999,5.55,0
32862247,79800012,Johannesburg,GAZANKULU SCHOOL,School,1906,0.4024,0,0.3999,0.25,0
32862269,79800012,Johannesburg,PUTALUSHAKA PRIMARY SCHOOL,School,1861,0.3573,0,0.3999,-4.26,1
32861246,79800013,Johannesburg,TENT AT NEAR PROTEA GLEN POLICE STATION),Tent,3924,0.3838,1,0.3752,0.86,1
32861459,79800013,Johannesburg,THOLIMFUNDO PRIMARY SCHOOL,School,3319,0.3751,0,0.3752,-0.01,1
32861831,79800013,Johannesburg,BLESSED ISIDOREBAKANJA CATHOLIC CHURCH,Church,2253,0.4075,0,0.3752,3.23,0
32860762,79800014,Johannesburg,TENT (OPPOSITE HOUSE NO. 5255),Tent,2836,0.3766,1,0.3832,-0.66,1
32862180,79800014,Johannesburg,REBONE  PRIMARY SCHOOL,School,1786,0.4748,0,0.3832,9.16,0
32862191,79800014,Johannesburg,MONICA LOLWANE EDUCARE CENTRE,Hall/Centre,1360,0.475,0,0.3832,9.18,0
32861549,79800015,Johannesburg,PHIRI SCHOOL,School,2536,0.3967,0,0.4002,-0.35,1
32861606,79800015,Johannesburg,BAFIKILE PRIMARY SCHOOL,School,1481,0.3916,0,0.4002,-0.86,1
32861640,79800015,Johannesburg,KGOTSO PRIMARY SCHOOL,School,2001,0.4358,0,0.4002,3.56,0
32861651,79800016,Johannesburg,MEGATONG PRIMARY SCHOOL,School,1116,0.4642,0,0.3707,9.35,0
32861662,79800016,Johannesburg,MOTSANENG SCHOOL,School,1839,0.4595,0,0.3707,8.88,0
32861673,79800016,Johannesburg,DIODI PRIMARY SCHOOL,School,1874,0.4456,0,0.3707,7.49,0
32860515,79800017,Johannesburg,ELDORADO PARK PRIMARY SCHOOL,School,2045,0.5443,0,0.4442,10.01,0
32860548,79800017,Johannesburg,KLIPTOWN EBENEZER CONGREGATIONAL CHURCH,Church,2226,0.469,0,0.4442,2.48,0
32860559,79800017,Johannesburg,PARKDALE PRIMARY SCHOOL,School,2765,0.519,0,0.4442,7.48,0
32860391,79800018,Johannesburg,JD OPPERMAN RECREATION CENTRE,Hall/Centre,2749,0.5413,0,0.463,7.83,0
32860403,79800018,Johannesburg,TENT (OPP HOUSE NO 217 STERRE ROAD),Tent,876,0.516,1,0.463,5.3,0
32860470,79800018,Johannesburg,BOEKENHOUT PRIMARY SCHOOL,School,2929,0.5306,0,0.463,6.76,0
32860447,79800019,Johannesburg,TENT (FREEMDOM CHARTER SQUARE),Tent,1118,0.3408,1,0.389,-4.82,1
32861482,79800019,Johannesburg,LAKEVIEW PRIMARY SCHOOL,School,1281,0.4848,0,0.389,9.58,0
32861594,79800019,Johannesburg,ISIPHO PRIMARY SCHOOL,School,1878,0.4404,0,0.389,5.14,0
32861932,79800020,Johannesburg,KARABO SCHOOL,School,2615,0.4444,0,0.3981,4.63,0
32862089,79800020,Johannesburg,MARA PRIMARY SCHOOL,School,2264,0.3617,0,0.3981,-3.64,1
32862135,79800020,Johannesburg,IKEMELENG JUNIOR PRIMARY,School,2092,0.4383,0,0.3981,4.02,0
32861178,79800021,Johannesburg,MOCHOCHONONO SCHOOL,School,2044,0.8743,0,0.3812,49.31,0
32861875,79800021,Johannesburg,DIKWANKWETLA PRIMARY SCHOOL,School,1814,0.4509,0,0.3812,6.97,0
32861886,79800021,Johannesburg,TIHOLOHELO SCHOOL,School,1843,0.4297,0,0.3812,4.85,0
32841086,79800022,Johannesburg,LEIHLO PRIMARY SCHOOL,School,3283,0.4222,0,0.3823,3.99,0
32841097,79800022,Johannesburg,TSHEBEDISANO PRIMARY SCHOOL,School,2577,0.4032,0,0.3823,2.09,0
32841109,79800022,Johannesburg,ST PETER CLAVER SCHOOL,School,2852,0.4474,0,0.3823,6.51,0
32860290,79800023,Johannesburg,GLENANDA PRIMARY SCHOOL,School,4533,0.555,0,0.4796,7.54,0
32860302,79800023,Johannesburg,TENT (BASSONIA),Tent,2708,0.5835,1,0.4796,10.39,0
32860368,79800023,Johannesburg,COMARO VALLEY NURSERY SCHOOL,School,2499,0.5626,0,0.4796,8.3,0
32862573,79800024,Johannesburg,SOMELULWAZI PRIMARY SCHOOL,School,1513,0.3206,0,0.3832,-6.26,1
32862584,79800024,Johannesburg,ASSEMBLIES OF GOD AGF,Other,2940,0.3177,0,0.3832,-6.55,1
32862595,79800024,Johannesburg,ARISE AND SHINE HOPE CENTRE,Hall/Centre,2739,0.36,0,0.3832,-2.32,1
32841042,79800025,Johannesburg,KLIPSPRUIT HOSTEL,Other,1694,0.3052,0,0.3829,-7.77,1
32841053,79800025,Johannesburg,EMSHUKANTAMBO SECONDARY SCHOOL,School,2923,0.3924,0,0.3829,0.95,1
32841064,79800025,Johannesburg,THE METHODIST CHURCH OF SOUTHERN AFRICA,Church,1308,0.4472,0,0.3829,6.43,0
32840625,79800026,Johannesburg,KHOMANANI SCHOOL,School,1369,0.4076,0,0.3862,2.14,0
32840838,79800026,Johannesburg,ELITHENI SCHOOL,School,1641,0.4869,0,0.3862,10.07,0
32840872,79800026,Johannesburg,GIYANI PRIMARY SCHOOL,School,2003,0.3899,0,0.3862,0.37,1
32840917,79800027,Johannesburg,THABISILE SCHOOL,School,1502,0.3768,0,0.3922,-1.54,1
32840939,79800027,Johannesburg,FIDELITAS COMPREHENSIVE SCHOOL,School,1478,0.433,0,0.3922,4.08,0
32840962,79800027,Johannesburg,FONS LUMINIS SECONDARY SCHOOL,School,2152,0.2602,0,0.3922,-13.2,1
32840636,79800028,Johannesburg,IMMANUEL EVANGELICAL LUTHERAN CHURCH,Church,1131,0.4951,0,0.4012,9.39,0
32840782,79800028,Johannesburg,JOB RATHEBE JUNIOR SECONDARY SCHOOL,School,1645,0.4195,0,0.4012,1.83,0
32840793,79800028,Johannesburg,QHOBOSHEANE PRIMARY SCHOOL,School,1857,0.4615,0,0.4012,6.03,0
32840300,79800029,Johannesburg,NOORDGESIG PRIMARY SCHOOL,School,3146,0.4905,0,0.375,11.55,0
32840647,79800029,Johannesburg,LOFENTSE SECONDARY SCHOOL,School,2052,0.3455,0,0.375,-2.95,1
32840805,79800029,Johannesburg,GOOD NEW BIBLE CHURCH,Church,2291,0.399,0,0.375,2.4,1
32840658,79800030,Johannesburg,LUKHOLWENI PRIMARY SCHOOL,School,1096,0.4097,0,0.3951,1.46,0
32840670,79800030,Johannesburg,ASSEMBLIES OF GOD,Other,2142,0.3978,0,0.3951,0.27,1
32840692,79800030,Johannesburg,ST JOHN BERCHMAN SCHOOL,School,1935,0.508,0,0.3951,11.29,0
32840681,79800031,Johannesburg,AFRICAN CONGREGATIONAL CHURCH,Church,2203,0.3622,0,0.3879,-2.57,1
32840704,79800031,Johannesburg,AME CHURCH,Church,1351,0.3723,0,0.3879,-1.56,1
32840759,79800031,Johannesburg,THEMBALIHLE SCHOOL,School,1205,0.3643,0,0.3879,-2.36,1
32850727,79800032,Johannesburg,TENT AT JOHN PARK,Tent,3282,0.443,1,0.4564,-1.34,0
32850930,79800032,Johannesburg,KINGS SCHOOL - LINBRO PARK,School,993,0.4914,0,0.4564,3.5,0
32900105,79800032,Johannesburg,HERITAGE CHRISTIAN COLLEGE,School,2356,0.5543,0,0.4564,9.79,0
32861392,79800033,Johannesburg,JOHANNESBURG CENTRAL TEACHER DEVELOPMENT CENTRE,Hall/Centre,1892,0.4656,0,0.4021,6.35,0
32861448,79800033,Johannesburg,ELKA SPORTS CLUB,Other,930,0.4978,0,0.4021,9.57,0
32861460,79800033,Johannesburg,MOLALATLADI SCHOOL,School,1815,0.4689,0,0.4021,6.68,0
32860739,79800034,Johannesburg,TENT- JABULANI HOSTEL,Tent,3660,0.4454,1,0.3658,7.96,0
32861437,79800034,Johannesburg,ISAACSON PRIMARY SCHOOL,School,2215,0.4393,0,0.3658,7.35,0
32861505,79800034,Johannesburg,THESELE SECONDARY SCHOOL.,School,1904,0.4401,0,0.3658,7.43,0
32861370,79800035,Johannesburg,RUTEGANG PRIMARY SCHOOL,School,1360,0.4199,0,0.4037,1.62,0
32861404,79800035,Johannesburg,MAKOLA PRIMARY SCHOOL,School,1606,0.4763,0,0.4037,7.26,0
32861516,79800035,Johannesburg,MORRIS ISAACSON HIGH SCHOOL,School,3164,0.4371,0,0.4037,3.34,0
32861279,79800036,Johannesburg,VUKUZENZELE PRIMARY SCHOOL,School,1953,0.3922,0,0.3939,-0.17,1
32861280,79800036,Johannesburg,MOKOROTLO PRIMARY SCHOOL,School,2085,0.4484,0,0.3939,5.45,0
32861291,79800036,Johannesburg,TSHEDIMOSETSO MEHLALENG PRIMARY SCHOOL,School,1656,0.4595,0,0.3939,6.56,0
32841211,79800037,Johannesburg,TENT NANCEFIELD HOSTEL LIFATEN,Tent,2277,0.2736,1,0.3754,-10.18,1
32861257,79800037,Johannesburg,IGUGU PRIMARY SCHOOL,School,2970,0.4266,0,0.3754,5.12,0
32861268,79800037,Johannesburg,SUNSHINE CENTRE,Hall/Centre,1592,0.4328,0,0.3754,5.74,0
32861145,79800038,Johannesburg,SYDNEY MASEKO ADULT LEARNING CENTRE,Hall/Centre,2021,0.4453,0,0.3762,6.91,0
32861190,79800038,Johannesburg,NKA-THUTO PRIMARY SCHOOL,School,1669,0.4164,0,0.3762,4.02,0
32861202,79800038,Johannesburg,DR BEYERS NAUDE SECONDARY SCHOOL,School,1234,0.44,0,0.3762,6.38,0
32861235,79800039,Johannesburg,ORLANDO WEST SECONDARY SCHOOL,School,1367,0.4418,0,0.4042,3.76,0
32861303,79800039,Johannesburg,SAPEBUSO PRIMARY SCHOOL,School,2549,0.4382,0,0.4042,3.4,0
32861314,79800039,Johannesburg,ORLANDO WEST WOMEN'S HOSTEL HALL,Hall/Centre,2001,0.4183,0,0.4042,1.41,0
32870729,79800040,Johannesburg,TSHIRELETSO LOWER PRIMARY SCHOOL,School,1919,0.4898,0,0.3672,12.26,0
32870730,79800040,Johannesburg,TENT (NEXT TO HOUSE NO 379 A),Tent,3182,0.3897,1,0.3672,2.25,1
32870842,79800040,Johannesburg,THABANENG PRIMARY SCHOOL,School,2329,0.4277,0,0.3672,6.05,0
32870707,79800041,Johannesburg,THUTOLORE HIGH SCHOOL,School,2056,0.2344,0,0.4091,-17.47,1
32870741,79800041,Johannesburg,EVANGELICAL LUTHERAN CHURCH,Church,1236,0.5453,0,0.4091,13.62,0
32870752,79800041,Johannesburg,MASEKHENE PRIMARY SCHOOL,School,1725,0.4887,0,0.4091,7.96,0
32870606,79800042,Johannesburg,SIVELILE COMBINED SCHOOL,School,1113,0.3998,0,0.4101,-1.03,1
32870617,79800042,Johannesburg,EMPUMALANGA PRIMARY SCHOOL,School,2625,0.3832,0,0.4101,-2.69,1
32870628,79800042,Johannesburg,TLHOKOMELO PRIMARY SCHOOL,School,1508,0.5338,0,0.4101,12.37,0
32870651,79800043,Johannesburg,MEADOWLANDS PRIMARY SCHOOL,School,2444,0.4489,0,0.4083,4.06,0
32870662,79800043,Johannesburg,PARISH OF MEADOWLANDS,Other,1941,0.4745,0,0.4083,6.62,0
32870673,79800043,Johannesburg,LIVHUWANI PRIMARY SCHOOL,School,2189,0.4404,0,0.4083,3.21,0
32871124,79800044,Johannesburg,MOSES KOTANE PRIMARY SCHOOL,School,5827,0.3738,0,0.4052,-3.14,1
32871168,79800044,Johannesburg,SIYABONGA SECONDARY SCHOOL,School,5332,0.4085,0,0.4052,0.33,0
32871393,79800044,Johannesburg,KGATELOPELE SECONDARY SCHOOL,School,3160,0.412,0,0.4052,0.68,0
32870369,79800045,Johannesburg,APOSTOLIC FAITH MISSION OF SA.,Other,1989,0.4847,0,0.3961,8.86,0
32870549,79800045,Johannesburg,MEADOWLANDS WELFARE CENTRE,Hall/Centre,2610,0.4341,0,0.3961,3.8,0
32870550,79800045,Johannesburg,PALESA COMBINED SCHOOL,School,2034,0.4385,0,0.3961,4.24,0
32861167,79800046,Johannesburg,THULANI COMBINED PRIMARY SCHOOL,School,2771,0.3991,0,0.3892,0.99,1
32861808,79800046,Johannesburg,USINDISO HIGHER PRIMARY SCHOOL,School,1625,0.4382,0,0.3892,4.9,0
32861819,79800046,Johannesburg,LETARE SCHOOL,School,1771,0.4483,0,0.3892,5.91,0
32861381,79800047,Johannesburg,NAZARENE CHURCH,Church,1456,0.4066,0,0.3741,3.25,0
32861415,79800047,Johannesburg,ESIYALWINI PRIMARY SCHOOL,School,2270,0.2013,0,0.3741,-17.28,1
32870381,79800047,Johannesburg,TENT AT LEDWABA STREET FOOTBALL GROUNDS,Tent,2568,0.34,1,0.3741,-3.41,1
32870459,79800048,Johannesburg,ENKOLWENI PRIMARY SCHOOL,School,1022,0.4393,0,0.3835,5.58,0
32870460,79800048,Johannesburg,THATHEZAKHO PRIMARY SCHOOL,School,2908,0.3666,0,0.3835,-1.69,1
32870482,79800048,Johannesburg,DSJ PRIMARY SCHOOL,School,2508,0.4127,0,0.3835,2.92,0
32871113,79800049,Johannesburg,BRAAM FISCHERVILLE CRICKET STADIUM,Other,2753,0.3622,0,0.3956,-3.34,1
32871180,79800049,Johannesburg,BRAAM FISCHER PRIMARY SCHOOL,School,4494,0.1749,0,0.3956,-22.07,1
32871236,79800049,Johannesburg,NKONE MARUPING PRIMARY SCHOOL,School,3280,0.3915,0,0.3956,-0.41,1
32870404,79800050,Johannesburg,TENT (EXT A&B FOOTBALL GROUND),Tent,867,0.3864,1,0.3844,0.2,1
32870943,79800050,Johannesburg,TENT (EXT 4 TAXI RANK),Tent,2043,0.3813,1,0.3844,-0.31,1
32870965,79800050,Johannesburg,MAYIBUYE PRIMARY SCHOOL,School,4255,0.372,0,0.3844,-1.24,1
32861156,79800051,Johannesburg,ESITHEBENI PRIMARY SCHOOL,School,1919,0.4049,0,0.397,0.79,0
32861853,79800051,Johannesburg,INDYEBO HIGHER PRIMARY SCHOOL,School,2225,0.3874,0,0.397,-0.96,1
32861965,79800051,Johannesburg,BUSISIWE PRIMARY SCHOOL,School,1889,0.4039,0,0.397,0.69,0
32861998,79800052,Johannesburg,DR BW VILAKAZI SECONDARY SCHOOL,School,2401,0.3894,0,0.4009,-1.15,1
32862001,79800052,Johannesburg,ASSEMBLY OF GOD,Other,1422,0.3748,0,0.4009,-2.61,1
32862045,79800052,Johannesburg,ERNEST BUTI CRECHE,Other,1519,0.3588,0,0.4009,-4.21,1
32870370,79800053,Johannesburg,SLOVOVILLE HALL,Hall/Centre,4352,0.3518,0,0.3945,-4.27,1
32870909,79800053,Johannesburg,METHODIST CHURCH OF SOUTHERN AFRICA,Church,3457,0.409,0,0.3945,1.45,0
32870954,79800053,Johannesburg,KLIPVALLEY PRIMARY SCHOOL,School,4578,0.3285,0,0.3945,-6.6,1
32860144,79800054,Johannesburg,PRESIDENT HIGH SCHOOL,School,5764,0.4766,0,0.4766,-0.0,0
32860166,79800054,Johannesburg,UNISA CONFERENCE CENTRE,Hall/Centre,4114,0.4908,0,0.4766,1.42,0
32860335,79800054,Johannesburg,MONDEOR RECREATION CENTRE,Hall/Centre,4252,0.3911,0,0.4766,-8.55,1
32860155,79800055,Johannesburg,WINCHESTER RIDGE PRIMARY SCHOOL,School,2704,0.4538,0,0.4394,1.44,0
32860188,79800055,Johannesburg,TURFFONTEIN PRIMARY SCHOOL,School,4383,0.3534,0,0.4394,-8.6,1
32860313,79800055,Johannesburg,FAKKEL HIGH SCHOOL,School,3658,0.4046,0,0.4394,-3.48,0
32860212,79800056,Johannesburg,TOWNSVIEW PRIMARY SCHOOL,School,3281,0.4499,0,0.4881,-3.82,0
32860223,79800056,Johannesburg,HIGHVELD PRIMARY SCHOOL,School,3039,0.4459,0,0.4881,-4.22,0
32860234,79800056,Johannesburg,ROSETTENVILLE TENNIS COURT,Other,2384,0.3435,0,0.4881,-14.46,1
32860111,79800057,Johannesburg,CITY DEEP ADULT SCHOOL,School,1451,0.3811,0,0.4398,-5.87,1
32860256,79800057,Johannesburg,SOUTH RAND RECREATION CENTRE,Hall/Centre,3913,0.4577,0,0.4398,1.79,0
32860267,79800057,Johannesburg,REWLATCH PRIMARY SCHOOL,School,4072,0.4366,0,0.4398,-0.32,0
32840197,79800058,Johannesburg,LAERSKOOL JIM FOUCHE,School,3074,0.4216,0,0.4195,0.21,0
32840221,79800058,Johannesburg,CROSBY ACADEMIC PRIMARY SCHOOL,School,3231,0.4119,0,0.4195,-0.76,0
32840232,79800058,Johannesburg,FORDSBURG PRIMARY SCHOOL,School,2246,0.3593,0,0.4195,-6.02,1
32860436,79800059,Johannesburg,TENT GREENHOUSE PEOPLE ENVIRONMENTAL CENTRE,Tent,7713,0.1934,1,0.3266,-13.32,1
32860458,79800059,Johannesburg,TENT AT DRILL HALL,Tent,3085,0.246,1,0.3266,-8.06,1
32863608,79800059,Johannesburg,FASHION KAPITOL,Other,251,0.6454,0,0.3266,31.88,0
32860032,79800060,Johannesburg,JOHANNESBURG MUSLIM SCHOOL,School,1869,0.2611,0,0.3847,-12.36,1
32860043,79800060,Johannesburg,PEOPLE'S CENTRE,Hall/Centre,4013,0.2651,0,0.3847,-11.96,1
32860054,79800060,Johannesburg,METROPOLITAN CENTRE,Hall/Centre,2988,0.2118,0,0.3847,-17.29,1
32850356,79800061,Johannesburg,TENT AT BERTHA SOLOMON RECREATION CENTRE,Tent,3178,0.3166,1,0.3267,-1.01,1
32850435,79800061,Johannesburg,JULES HIGH SCHOOL,School,2201,0.3094,0,0.3267,-1.73,1
32862685,79800061,Johannesburg,TENT (PUBLIC PARK JEPPESTOWN),Tent,3495,0.2887,1,0.3267,-3.8,1
32850446,79800062,Johannesburg,TEMPLE ISRAEL,Church,2929,0.297,0,0.3748,-7.78,1
32850457,79800062,Johannesburg,CHRIST CHURCH,Church,4682,0.2078,0,0.3748,-16.7,1
32850468,79800062,Johannesburg,TENT AT HILLBROW RECREATION CENTRE,Tent,3536,0.2113,1,0.3748,-16.35,1
32850255,79800063,Johannesburg,CATHEDRAL OF CHRIST THE KING,Church,1251,0.2158,0,0.3944,-17.86,1
32850413,79800063,Johannesburg,BRETHREN IN CHRIST CHURCH,Church,3058,0.1452,0,0.3944,-24.92,1
32850479,79800063,Johannesburg,EVANGELICAL LUTHERAN CONGREGATION,Other,3919,0.2286,0,0.3944,-16.58,1
32850211,79800064,Johannesburg,BARNATO PARK HIGH SCHOOL,School,3411,0.2058,0,0.3644,-15.86,1
32850244,79800064,Johannesburg,TENT (YEOVILLE),Tent,1942,0.2101,1,0.3644,-15.43,1
32850402,79800064,Johannesburg,TENT (PUBLIC PARK LILY AVENUE BEREA),Tent,3500,0.1877,1,0.3644,-17.67,1
32851087,79800065,Johannesburg,ABELBAILE PARK HALL,Hall/Centre,2899,0.2873,0,0.432,-14.47,1
32851403,79800065,Johannesburg,DENVER SECONDARY SCHOOL,School,841,0.566,0,0.432,13.4,0
32860098,79800065,Johannesburg,BAMBANANI PRE SCHOOL,School,6629,0.3102,0,0.432,-12.18,1
32850299,79800066,Johannesburg,SIR EDMUND HILLARY PRIMARY SCHOOL,School,3194,0.3907,0,0.4337,-4.3,1
32850301,79800066,Johannesburg,HOFLAND PARK RECREATION CENTRE,Hall/Centre,3769,0.3202,0,0.4337,-11.35,1
32850312,79800066,Johannesburg,DOUG WHITEHEAD SCHOOL,School,1976,0.3138,0,0.4337,-11.99,1
32850176,79800067,Johannesburg,KING EDWARD VII SCHOOL,School,1055,0.436,0,0.4051,3.09,0
32850200,79800067,Johannesburg,YEOVILLE RECREATION CENTRE,Hall/Centre,7277,0.2365,0,0.4051,-16.86,1
32850222,79800067,Johannesburg,YEOVILLE BOYS PRIMARY SCHOOL,School,1807,0.3033,0,0.4051,-10.18,1
32840265,79800068,Johannesburg,ANTEA HOSTEL,Other,943,0.3393,0,0.3747,-3.54,1
32840287,79800068,Johannesburg,RIVERLEA RECREATION CENTRE,Hall/Centre,3535,0.5301,0,0.3747,15.54,0
32840344,79800068,Johannesburg,WILHELMINA HOSKINS PRIMARY SCHOOL,School,2553,0.4751,0,0.3747,10.04,0
32840186,79800069,Johannesburg,WESTDENE RECREATION CENTRE,Hall/Centre,3289,0.4162,0,0.399,1.72,0
32840210,79800069,Johannesburg,CORONATIONVILLE RECREATION CENTRE,Hall/Centre,1683,0.5407,0,0.399,14.17,0
32840322,79800069,Johannesburg,ACTS CHRISTIAN CHURCH WESTDENE,Church,1442,0.3918,0,0.399,-0.72,1
32870189,79800070,Johannesburg,MOTHS HALL,Hall/Centre,3541,0.4352,0,0.4725,-3.73,0
32870190,79800070,Johannesburg,FLORIDA PRIMARY SCHOOL,School,2745,0.5042,0,0.4725,3.17,0
32870202,79800070,Johannesburg,FLORIDA PARK HIGH SCHOOL,School,2545,0.5654,0,0.4725,9.29,0
32870022,79800071,Johannesburg,ADELAAR HOËRSKOOL,Other,4762,0.4651,0,0.4341,3.1,0
32870033,79800071,Johannesburg,LAERSKOOL ROODEBEECK,School,3486,0.4475,0,0.4341,1.34,0
32870044,79800071,Johannesburg,LAERSKOOL CULEMBEECK,School,2911,0.471,0,0.4341,3.69,0
32850086,79800072,Johannesburg,GLENHAZEL PRIMARY SCHOOL,School,3145,0.5612,0,0.5603,0.09,0
32850109,79800072,Johannesburg,JABULA RECREATION CENTRE,Hall/Centre,3171,0.5418,0,0.5603,-1.85,0
32850110,79800072,Johannesburg,ORANGE GROVE PRIMARY SCHOOL,School,3545,0.4968,0,0.5603,-6.35,0
32850132,79800073,Johannesburg,NORWOOD PRIMARY SCHOOL,School,4180,0.4866,0,0.5234,-3.68,0
32850143,79800073,Johannesburg,PATERSON PARK RECREATION CENTRE,Hall/Centre,3994,0.3718,0,0.5234,-15.16,1
32850154,79800073,Johannesburg,HOUGHTON PRIMARY SCHOOL,School,3105,0.4538,0,0.5234,-6.96,0
32850075,79800074,Johannesburg,BRAMLEY PRIMARY SCHOOL,School,3069,0.3832,0,0.4874,-10.42,1
32850121,79800074,Johannesburg,ORCHARDS PRIMARY SCHOOL,School,2103,0.5283,0,0.4874,4.09,0
32850480,79800074,Johannesburg,H A JACK PRIMARY SCHOOL,School,5349,0.5193,0,0.4874,3.19,0
32850907,79800075,Johannesburg,EKUKHANYISWENI LOWER PRIMARY SCHOOL,School,1658,0.3758,0,0.3692,0.66,1
32850952,79800075,Johannesburg,ALEXANDRA LIBRARY (NEW LIBRARY),Other,5245,0.2898,0,0.3692,-7.94,1
32851009,79800075,Johannesburg,WOMEN FOR PEACE,Other,2698,0.3236,0,0.3692,-4.56,1
32850266,79800076,Johannesburg,THUSONG YOUTH CENTRE,Hall/Centre,2285,0.3138,0,0.3784,-6.46,1
32850503,79800076,Johannesburg,ZENZELENI PRIMARY SCHOOL,School,2526,0.3135,0,0.3784,-6.49,1
32850974,79800076,Johannesburg,3 SQUARE GROUNDS,Other,2554,0.3626,0,0.3784,-1.58,1
32910094,79800077,Johannesburg,IVORY PARK SECONDARY SCHOOL,School,4602,0.3216,0,0.401,-7.94,1
32910252,79800077,Johannesburg,MIKATEKA PRIMARY SCHOOL,School,3269,0.323,0,0.401,-7.8,1
32910274,79800077,Johannesburg,EBOMINI PRIMARY SCHOOL,School,3579,0.3448,0,0.401,-5.62,1
32910151,79800078,Johannesburg,REBONWE PRIMARY SCHOOL,School,5362,0.3208,0,0.4087,-8.79,1
32910184,79800078,Johannesburg,LORD KHANYILE HALL,Hall/Centre,4803,0.2956,0,0.4087,-11.31,1
32910229,79800078,Johannesburg,MYNHARDT HALL,Hall/Centre,3969,0.3437,0,0.4087,-6.5,1
32910173,79800079,Johannesburg,EQINISWENI SECONDARY SCHOOL,School,3898,0.2968,0,0.3982,-10.14,1
32910195,79800079,Johannesburg,IVORY PARK PRIMARY SCHOOL,School,3934,0.4306,0,0.3982,3.24,0
32910207,79800079,Johannesburg,IKAGENG EDUCARE CENTRE,Hall/Centre,3382,0.2765,0,0.3982,-12.17,1
32900217,79800080,Johannesburg,KANANA COMMUNITY HALL,Hall/Centre,4584,0.5534,0,0.3892,16.42,0
32900228,79800080,Johannesburg,KANANA PRIMARY SCHOOL,School,5310,0.3026,0,0.3892,-8.66,1
32900295,79800080,Johannesburg,TENT AT KANANA,Tent,1916,0.357,1,0.3892,-3.22,1
32850064,79800081,Johannesburg,LYNDHURST PRIMARY SCHOOL,School,2900,0.329,0,0.4089,-7.99,1
32850097,79800081,Johannesburg,REMBRANDT PARK PRIMARY SCHOOL,School,3713,0.4422,0,0.4089,3.33,0
32850165,79800081,Johannesburg,OLD APOSTOLIC CHURCH,Church,4825,0.3405,0,0.4089,-6.84,1
32840029,79800082,Johannesburg,CLAREMONT PRIMARY SCHOOL,School,1934,0.514,0,0.3752,13.88,0
32840030,79800082,Johannesburg,DANIE VAN ZYL RECREATION CENTRE,Hall/Centre,3865,0.4336,0,0.3752,5.84,0
32840052,79800082,Johannesburg,DOWLING AVENUE PRIMARY SCHOOL,School,2567,0.5247,0,0.3752,14.95,0
32870066,79800083,Johannesburg,WESTRAND LUTHERAN CHURCH,Church,2821,0.597,0,0.5275,6.95,0
32870268,79800083,Johannesburg,HELDERKRUIN LAERSKOOL,School,3513,0.583,0,0.5275,5.55,0
32870279,79800083,Johannesburg,NG KERK ROODEKRANS,Church,2009,0.6127,0,0.5275,8.52,0
32870088,79800084,Johannesburg,SOUTH WEST GAUTENG COLLEGE,School,1648,0.4326,0,0.4699,-3.73,0
32870099,79800084,Johannesburg,ROODEPOORT CITY HALL,Hall/Centre,3895,0.3884,0,0.4699,-8.15,1
32870123,79800084,Johannesburg,ROODEPOORT HOËRSKOOL,Other,2563,0.4783,0,0.4699,0.84,0
32870112,79800085,Johannesburg,LAERSKOOL HORISON,School,2852,0.5719,0,0.5133,5.86,0
32870167,79800085,Johannesburg,GEREFORMEERDE KERK,Church,1586,0.6248,0,0.5133,11.15,0
32870178,79800085,Johannesburg,BIOKINETICS CENTRE,Hall/Centre,2346,0.4723,0,0.5133,-4.1,0
32840041,79800086,Johannesburg,LAERSKOOL ESPERANZA,School,2858,0.443,0,0.5209,-7.79,0
32840063,79800086,Johannesburg,GENL CHRISTIAN DE WET PRIMARY SCHOOL,School,2868,0.5241,0,0.5209,0.32,0
32840119,79800086,Johannesburg,GREYMONT NG KERK (ALBERTS FARM),Church,3829,0.5513,0,0.5209,3.04,0
32840164,79800087,Johannesburg,GREENSIDE PRIMARY SCHOOL,School,4133,0.563,0,0.5504,1.26,0
32840209,79800087,Johannesburg,HOPE CHURCH AUCKLAND PARK,Church,3533,0.3575,0,0.5504,-19.29,1
32840311,79800087,Johannesburg,HOPE SCHOOL,School,4162,0.5658,0,0.5504,1.54,0
32840074,79800088,Johannesburg,FRANKLIN D ROOSEVELT PRIMARY SCHOOL,School,4358,0.5466,0,0.5123,3.43,0
32840108,79800088,Johannesburg,BERARIO COMMUNITY CENTRE,Hall/Centre,4098,0.573,0,0.5123,6.07,0
32840120,79800088,Johannesburg,NORTHCLIFF HIGH SCHOOL,School,2464,0.5138,0,0.5123,0.15,0
32840085,79800089,Johannesburg,LAERSKOOL FAIRLAND,School,3094,0.5116,0,0.5461,-3.45,0
32841671,79800089,Johannesburg,CLIFFVIEW  PRIMARY SCHOOL,School,2626,0.6843,0,0.5461,13.82,0
32870325,79800089,Johannesburg,PANORAMA PRIMARY SCHOOL,School,5565,0.4748,0,0.5461,-7.13,0
32850042,79800090,Johannesburg,DUNKELD BOWLS CLUB,Other,2458,0.4894,0,0.5463,-5.69,0
32850547,79800090,Johannesburg,HYDE PARK HIGH SCHOOL,School,4248,0.5219,0,0.5463,-2.44,0
32850615,79800090,Johannesburg,GEORGE LEA SPORTS CLUB,Other,4162,0.5392,0,0.5463,-0.71,0
32850558,79800091,Johannesburg,ST DAVIDS MARIST INANDA,Other,5320,0.4846,0,0.4574,2.72,0
32850569,79800091,Johannesburg,ALEXANDRA HIGH SCHOOL,School,3831,0.3542,0,0.4574,-10.32,1
32850581,79800091,Johannesburg,SANDTON FIRE STATION,Other,3571,0.4523,0,0.4574,-0.51,0
32910016,79800092,Johannesburg,RANDJESFONTEIN HOMESTEAD,Other,3246,0.4664,0,0.3966,6.98,0
32910308,79800092,Johannesburg,SEDI-LAKA PRIMARY SCHOOL,School,6891,0.2984,0,0.3966,-9.82,1
32910342,79800092,Johannesburg,DRAKE KOKA PRIMARY SCHOOL,School,5055,0.3256,0,0.3966,-7.1,1
32841772,79800093,Johannesburg,TENT - KINGFISCHER PARK,Tent,662,0.7296,1,0.521,20.86,0
32850738,79800093,Johannesburg,EDISON CRESCENT PARK - SUNNINGHILL SHOPPING CENTRE,Hall/Centre,4969,0.4448,0,0.521,-7.62,0
32850761,79800093,Johannesburg,RIVONIA SPORTS CLUB,Other,3318,0.5509,0,0.521,2.99,0
32840018,79800094,Johannesburg,TENT @ RIVERSANDS INCUBATION HUB,Tent,1020,0.2578,1,0.5524,-29.46,1
32840580,79800094,Johannesburg,WITKOPPEN COMBINED SCHOOL,School,3745,0.5223,0,0.5524,-3.01,0
32850536,79800094,Johannesburg,LONEHILL FIRE STATION,Other,8218,0.4461,0,0.5524,-10.63,0
32841176,79800095,Johannesburg,DIEPSLOOT YOUTH CENTRE,Hall/Centre,5183,0.2823,0,0.4012,-11.89,1
32841187,79800095,Johannesburg,MUZOMUHLE PRIMARY SCHOOL,School,4439,0.2818,0,0.4012,-11.94,1
32841389,79800095,Johannesburg,NEIGHBOURHOOD CENTRE,Hall/Centre,4508,0.2957,0,0.4012,-10.55,1
32841255,79800096,Johannesburg,TENT AFRICA ABLAZE MINISTRIES,Tent,1469,0.5344,1,0.3887,14.57,0
32841288,79800096,Johannesburg,PARADISE BEND SCHOOL,School,3009,0.3812,0,0.3887,-0.75,1
32841323,79800096,Johannesburg,KWENA MOLAPO SCHOOL,School,1126,0.3721,0,0.3887,-1.66,1
32870314,79800097,Johannesburg,RUIMSIG SPORT COMPLEX / STADIUM,Other,3556,0.4963,0,0.5318,-3.55,0
32870358,79800097,Johannesburg,PANORAMA SPORT CLUB,Other,7619,0.5081,0,0.5318,-2.37,0
32871225,79800097,Johannesburg,RIDGECREST FAMILY CHURCH,Church,7224,0.5479,0,0.5318,1.61,0
32840096,79800098,Johannesburg,NORTHCLIFF PRIMARY SCHOOL,School,5593,0.5738,0,0.5338,4.0,0
32840366,79800098,Johannesburg,WINDSOR EAST RECREATION CENTRE,Hall/Centre,2911,0.3978,0,0.5338,-13.6,1
32840388,79800098,Johannesburg,ROBIN HILLS PRIMARY SCHOOL,School,3463,0.5108,0,0.5338,-2.3,0
32840131,79800099,Johannesburg,LAERSKOOL LOUW GELDENHUYS,School,2987,0.5578,0,0.564,-0.62,0
32840142,79800099,Johannesburg,LINDEN HOËRSKOOL,Other,3474,0.5823,0,0.564,1.83,0
32840355,79800099,Johannesburg,LAERSKOOL UNIKA,School,3711,0.5206,0,0.564,-4.34,0
32841200,79800100,Johannesburg,COSMO CITY MULTIPUREPOSE CENTRE,Hall/Centre,3684,0.3371,0,0.4034,-6.63,1
32841334,79800100,Johannesburg,SGODIPHOLA SECONDARY SCHOOL,School,4172,0.32,0,0.4034,-8.34,1
32841424,79800100,Johannesburg,ITSOSENG DEVELOPMENT TRUST INFORMAL SETTLEMENT,Other,2368,0.3809,0,0.4034,-2.25,1
32840535,79800101,Johannesburg,RANDPARK RIDGE UNITED CHURCH,Church,5940,0.5497,0,0.5303,1.94,0
32840546,79800101,Johannesburg,HUNTERS HILL FIRE STATION,Other,3651,0.5138,0,0.5303,-1.65,0
32840568,79800101,Johannesburg,SHARONLEA PRIMARY SCHOOL,School,5917,0.4967,0,0.5303,-3.36,0
32840423,79800102,Johannesburg,LAERSKOOL FONTAINEBLEAU,School,3123,0.5405,0,0.5514,-1.09,0
32840456,79800102,Johannesburg,BORDEAUX PRIMARY SCHOOL,School,4712,0.4334,0,0.5514,-11.8,0
32840467,79800102,Johannesburg,BLAIRGOWRIE COMMUNITY CENTRE,Hall/Centre,3776,0.5609,0,0.5514,0.95,0
32850604,79800103,Johannesburg,SANDTON ART GALLERY,Other,1711,0.3419,0,0.5762,-23.43,1
32850626,79800103,Johannesburg,FIELD AND STUDY CENTRE,Hall/Centre,2966,0.5705,0,0.5762,-0.57,0
32850648,79800103,Johannesburg,LYCEE FRANCAIS JULES VERNE,Other,3986,0.5359,0,0.5762,-4.03,0
32840412,79800104,Johannesburg,NG KERK FONTAINEBLEAU,Church,4017,0.5405,0,0.5194,2.11,0
32840434,79800104,Johannesburg,CITY POWER RANDBURG,Other,3366,0.4667,0,0.5194,-5.27,0
32840445,79800104,Johannesburg,FERNDALE HIGH SCHOOL,School,2702,0.5007,0,0.5194,-1.87,0
32850334,79800105,Johannesburg,ATREC SPORTS COMPLEX,Other,2117,0.3826,0,0.389,-0.64,1
32850884,79800105,Johannesburg,EAST BANK CLINIC,Other,1896,0.414,0,0.389,2.5,0
32851032,79800105,Johannesburg,SKEEN PRIMARY SCHOOL,School,5079,0.407,0,0.389,1.8,0
32840490,79800106,Johannesburg,NORSCOT MANOR RECREATION CENTRE,Hall/Centre,7172,0.5312,0,0.5323,-0.11,0
32850682,79800106,Johannesburg,CEDARWOODS OF SANDTON,Other,2710,0.576,0,0.5323,4.37,0
32850749,79800106,Johannesburg,RIVONIA VILLAGE HALL,Hall/Centre,6066,0.4913,0,0.5323,-4.1,0
32850794,79800107,Johannesburg,CARTER PRIMARY SCHOOL,School,3423,0.3953,0,0.396,-0.07,1
32850806,79800107,Johannesburg,ST MICHAEL'S CHURCH,Church,2516,0.3764,0,0.396,-1.96,1
32850828,79800107,Johannesburg,REALOGILE HIGH SCHOOL,School,3375,0.3493,0,0.396,-4.67,1
32850693,79800108,Johannesburg,METHODIST CHURCH OF SOUTH AFRICA,Church,1545,0.3592,0,0.3655,-0.63,1
32850817,79800108,Johannesburg,AME CHURCH,Church,3167,0.372,0,0.3655,0.65,1
32851065,79800108,Johannesburg,TENT (VASCO AND 9TH AVENUE),Tent,4593,0.3238,1,0.3655,-4.17,1
32850424,79800109,Johannesburg,HLAYISANANI DAY CARE CENTRE,Hall/Centre,4233,0.3319,0,0.4357,-10.38,1
32850592,79800109,Johannesburg,ERNEST ULLMAN RECREATION CENTRE,Hall/Centre,2546,0.5538,0,0.4357,11.81,0
32850671,79800109,Johannesburg,WENDYWOOD HIGH SCHOOL,School,3834,0.5081,0,0.4357,7.24,0
32900093,79800110,Johannesburg,TENT - MAYIBUYE CLINIC (NEXT TO PRIMARY SCHOOL),Tent,4735,0.2767,1,0.3853,-10.86,1
32900273,79800110,Johannesburg,MAPHUTHA SECONDARY SCHOOL,School,3437,0.3163,0,0.3853,-6.9,1
32910038,79800110,Johannesburg,GALLAGHER COMBINED SCHOOL,School,3372,0.3283,0,0.3853,-5.7,1
32910049,79800111,Johannesburg,EBONY PARK PRIMARY SCHOOL,School,8237,0.297,0,0.3995,-10.25,1
32910106,79800111,Johannesburg,UMQHELE SECONDARY SCHOOL,School,3802,0.3164,0,0.3995,-8.31,1
32910320,79800111,Johannesburg,PONELOPELE SECONDARY SCHOOL,School,4261,0.3206,0,0.3995,-7.89,1
32910140,79800112,Johannesburg,MIDRAND PRIMARY SCHOOL,School,4589,0.4332,0,0.4184,1.48,0
32910353,79800112,Johannesburg,COMMUNITAS CHURCH,Church,1584,0.5739,0,0.4184,15.55,0
32910364,79800112,Johannesburg,MIDRAND HIGH SCHOOL,School,4526,0.4116,0,0.4184,-0.68,0
32841198,79800113,Johannesburg,DIEPSLOOT COMBINED SCHOOL,School,8034,0.2843,0,0.4043,-12.0,1
32841402,79800113,Johannesburg,NEIGHBOURHOOD COMMUNITY HALL,Hall/Centre,7523,0.2341,0,0.4043,-17.02,1
32841457,79800113,Johannesburg,DIEPSLOOT OLD APOSTOLIC CHURCH,Church,2608,0.3163,0,0.4043,-8.8,1
32840614,79800114,Johannesburg,MASAKHANE TSWELELOPELE PRIMARY SCHOOL,School,4964,0.3183,0,0.3851,-6.68,1
32841277,79800114,Johannesburg,ZANDSPRUIT COMMUNITY CHURCH,Church,3031,0.3923,0,0.3851,0.72,1
32841491,79800114,Johannesburg,TENT (BOUNDARY ROAD PARK),Tent,2019,0.4393,1,0.3851,5.42,0
32840579,79800115,Johannesburg,MAGIC BEINGS NURSERY SCHOOL,School,5734,0.5,0,0.4799,2.01,0
32840591,79800115,Johannesburg,TENT AT NAUTILUS PARK,Tent,3296,0.3711,1,0.4799,-10.88,1
32840603,79800115,Johannesburg,FOURWAYS HIGH SCHOOL,School,4164,0.4486,0,0.4799,-3.13,0
32850839,79800116,Johannesburg,ZION APOSTOLIC CHURCH,Church,2803,0.3796,0,0.4168,-3.72,1
32850873,79800116,Johannesburg,UNITED CHURCH OF CHRIST,Church,3230,0.3282,0,0.4168,-8.86,1
32850895,79800116,Johannesburg,SWISS MISSION/EVANGELICAL PRESBYTERIAN CHURCH,Church,4213,0.3404,0,0.4168,-7.64,1
32840153,79800117,Johannesburg,BLAIRGOWRIE PRIMARY SCHOOL,School,3074,0.5143,0,0.5506,-3.63,0
32850019,79800117,Johannesburg,PARKHURST PRIMARY SCHOOL,School,4593,0.5271,0,0.5506,-2.35,0
32850020,79800117,Johannesburg,SAXONWOLD PRIMARY SCHOOL,School,3861,0.5131,0,0.5506,-3.75,0
32850288,79800118,Johannesburg,ATHLONE GIRLS HIGH SCHOOL,School,4053,0.4727,0,0.4324,4.03,0
32850367,79800118,Johannesburg,MALVERN PRIMARY SCHOOL,School,5041,0.267,0,0.4324,-16.54,1
32850378,79800118,Johannesburg,EASTGATE PRIMARY SCHOOL,School,2409,0.4927,0,0.4324,6.03,0
32860133,79800119,Johannesburg,NATURENA PRIMARY SCHOOL,School,3087,0.4512,0,0.3883,6.29,0
32862607,79800119,Johannesburg,FREEDOM  PRIMARY SCHOOL,School,4441,0.3168,0,0.3883,-7.15,1
32862630,79800119,Johannesburg,BANNER OF TRUTH MINISTRIES,Church,2917,0.4038,0,0.3883,1.55,0
32860773,79800120,Johannesburg,SOUTH VIEW HIGH SCHOOL,School,1945,0.4,0,0.3898,1.02,1
32860807,79800120,Johannesburg,KIASHA PARK PRIMARY SCHOOL,School,3234,0.3961,0,0.3898,0.63,1
32860818,79800120,Johannesburg,SIERRA NEVADA PRIMARY SCHOOL,School,2828,0.4424,0,0.3898,5.26,0
32860784,79800121,Johannesburg,ENNERDALE SECONDARY SCHOOL,School,4200,0.4493,0,0.3731,7.62,0
32860795,79800121,Johannesburg,ENNERDALE EXT 9 CIVIC CENTRE,Hall/Centre,1602,0.4913,0,0.3731,11.82,0
32860830,79800121,Johannesburg,MOTHEO PRIMARY SCHOOL,School,3524,0.7026,0,0.3731,32.95,0
32860469,79800122,Johannesburg,ZAKARIA PARK COMMUNITY HALL,Hall/Centre,2566,0.4532,0,0.4148,3.84,0
32860740,79800122,Johannesburg,OLIFANTSVLEI PRIMARY SCHOOL,School,94,0.2553,0,0.4148,-15.95,1
32862809,79800122,Johannesburg,SIYAPHAMBILI DAYCARE & PRESCHOOL,School,1536,0.3717,0,0.4148,-4.31,1
32850323,79800123,Johannesburg,IH HARRIS PRIMARY SCHOOL,School,3119,0.2049,0,0.3652,-16.03,1
32850345,79800123,Johannesburg,TENT AT UJ DFC,Tent,3508,0.1608,1,0.3652,-20.44,1
32850390,79800123,Johannesburg,CENTRAL COMMUNITY FELLOWSHIP,Hall/Centre,3417,0.2555,0,0.3652,-10.97,1
32860010,79800124,Johannesburg,JOHANNESBURG CITY HALL,Hall/Centre,5014,0.2264,0,0.3947,-16.83,1
32860100,79800124,Johannesburg,SELBY CENTRAL OFFICE,Other,1302,0.3472,0,0.3947,-4.75,1
32860177,79800124,Johannesburg,PIONEER ADMINISTRATION HALL,Church,1166,0.3602,0,0.3947,-3.45,1
32860346,79800125,Johannesburg,MEREDALE PRIMARY SCHOOL,School,2631,0.4831,0,0.4074,7.57,0
32860379,79800125,Johannesburg,KLIPRIVIER CENTRE,Hall/Centre,3669,0.477,0,0.4074,6.96,0
32860380,79800125,Johannesburg,ELETHU THEMBA SCHOOL,School,608,0.3947,0,0.4074,-1.27,1
32840502,79800126,Johannesburg,BOSKOP PRIMARY,School,6548,0.5544,0,0.5515,0.29,0
32870011,79800126,Johannesburg,ALLEN GLEN HIGH SCHOOL,School,5354,0.5247,0,0.5515,-2.68,0
32870347,79800126,Johannesburg,WELTEVREDEN PARK PRIMARY SCHOOL,School,6737,0.5124,0,0.5515,-3.91,0
32870134,79800127,Johannesburg,DURBAN DEEP PRIMARY SCHOOL,School,1353,0.3171,0,0.4131,-9.6,1
32871056,79800127,Johannesburg,SOL PLAATJIE COMMUNITY HALL,Hall/Centre,4112,0.4003,0,0.4131,-1.28,0
32871090,79800127,Johannesburg,GOUDRAND HOSTEL HALL,Hall/Centre,4257,0.3968,0,0.4131,-1.63,1
32870145,79800128,Johannesburg,TSHEPISONG PRIMARY SCHOOL,School,3642,0.391,0,0.4172,-2.62,1
32871203,79800128,Johannesburg,ONKGOPOTSE TIRO PRIMARY,School,4747,0.3684,0,0.4172,-4.88,1
32871214,79800128,Johannesburg,HARRY GWALA PRIMARY SCHOOL,School,5484,0.2701,0,0.4172,-14.71,1
32870910,79800129,Johannesburg,OBED MOSIANE PRIMARY SCHOOL,School,3410,0.4144,0,0.3737,4.07,0
32870921,79800129,Johannesburg,SEBETSA OTHOLE-MOPUTSO,Other,2630,0.3878,0,0.3737,1.41,1
32870932,79800129,Johannesburg,TENT AT DOORNKOP COMMUNITY HALL,Tent,2688,0.3943,1,0.3737,2.06,1
32862034,79800130,Johannesburg,EMDENI SENIOR SECONDARY SCHOOL,School,2401,0.419,0,0.3995,1.95,0
32862067,79800130,Johannesburg,JOSIAH KHUMALO ADULT EDUCATION CENTRE,Hall/Centre,3008,0.4209,0,0.3995,2.14,0
32862078,79800130,Johannesburg,EMSENI PRIMARY SCHOOL,School,2018,0.4103,0,0.3995,1.08,0
32860841,79800131,Johannesburg,MADUME PRIMARY SCHOOL,School,3009,0.4247,0,0.397,2.77,0
32860953,79800131,Johannesburg,RAPHELA SECONDARY SCHOOL,School,2915,0.4388,0,0.397,4.18,0
32860964,79800131,Johannesburg,ORANGE FARM EXT 1 HALL,Hall/Centre,1801,0.4209,0,0.397,2.39,0
32850053,79800132,Johannesburg,LEEUWKOP PRISON,Other,1712,0.3265,0,0.5151,-18.86,1
32851379,79800132,Johannesburg,REDDAM HOUSE WATERFALL COLLEGE,School,4391,0.6418,0,0.5151,12.67,0
32910027,79800132,Johannesburg,JUNIOR ACHIEVERS MONTESSORI,Other,5339,0.3546,0,0.5151,-16.05,1
32910117,79800133,Johannesburg,IVORY PARK NORTH COMMUNITY HALL,Hall/Centre,3408,0.3468,0,0.4082,-6.14,1
32910128,79800133,Johannesburg,JB MATABANE SECONDARY SCHOOL,School,4537,0.326,0,0.4082,-8.22,1
32910139,79800133,Johannesburg,COME ONE COME ALL,Other,4479,0.2639,0,0.4082,-14.43,1
32840401,79800134,Johannesburg,RANDPARK PRIMARY SCHOOL,School,4202,0.5338,0,0.5204,1.34,0
32840513,79800134,Johannesburg,BOSKRUIN COMMUNITY CENTRE,Hall/Centre,6217,0.4895,0,0.5204,-3.09,0
32840557,79800134,Johannesburg,NORTHRIDING COLLEGE,School,3575,0.3891,0,0.5204,-13.13,1
32870897,79800135,Johannesburg,FARANANI PRIMARY SCHOOL,School,5600,0.3486,0,0.39,-4.14,1
32871191,79800135,Johannesburg,MZIWANDILEMSELANTO EDUCARE CENTRE,Hall/Centre,3401,0.3999,0,0.39,0.99,1
32871247,79800135,Johannesburg,LITTLE ANGELS DAYCARE & PRE-SCHOOL,School,2751,0.4962,0,0.39,10.62,0
32950021,79900001,Tshwane,LAERSKOOL GENL NICOLAAS SMIT,School,3007,0.3392,0,0.5304,-19.12,1
32950032,79900001,Tshwane,HOËRSKOOL HERCULES,Other,4172,0.4758,0,0.5304,-5.46,0
32950065,79900001,Tshwane,SAAMSPAN LAERSKOOL,School,3440,0.5747,0,0.5304,4.43,0
32951640,79900002,Tshwane,LAERSKOOL RACHEL DE BEER,School,3335,0.5106,0,0.5238,-1.32,0
32951651,79900002,Tshwane,LAERSKOOL VOORTREKKER EEUFEES,School,2802,0.5054,0,0.5238,-1.84,0
32951662,79900002,Tshwane,PRETORIA-NOORD STADSAAL,Other,3931,0.4437,0,0.5238,-8.01,0
32950054,79900003,Tshwane,PRETORIA-WES HOËRSKOOL,Other,4395,0.2309,0,0.3865,-15.56,1
32950166,79900003,Tshwane,LAERSKOOL WESPARK,School,2602,0.4639,0,0.3865,7.74,0
32950177,79900003,Tshwane,LAERSKOOL DIE HEUVEL,School,1814,0.258,0,0.3865,-12.85,1
32960527,79900004,Tshwane,AKASIA MUNICIPAL OFFICE,Other,4935,0.3585,0,0.3894,-3.09,1
32960538,79900004,Tshwane,THE ORCHARDS PRIMARY SCHOOL,School,5205,0.4037,0,0.3894,1.43,0
32960864,79900004,Tshwane,SMILEY KIDS ORCHARDS,Other,1369,0.5106,0,0.3894,12.12,0
32951617,79900005,Tshwane,MAGALIESKRUIN LAERSKOOL,School,4041,0.589,0,0.5087,8.03,0
32951628,79900005,Tshwane,MONTANA HOËRSKOOL,Other,5960,0.5086,0,0.5087,-0.01,0
32951718,79900005,Tshwane,TENT AT MUNICIPAL PARK,Tent,2663,0.6838,1,0.5087,17.51,0
32951202,79900006,Tshwane,F.F. RIBEIRO PRIMARY SCHOOL,School,1634,0.3329,0,0.4121,-7.92,1
32951280,79900006,Tshwane,TSHIMOLLO PRIMARY SCHOOL,School,1239,0.4205,0,0.4121,0.84,0
32951291,79900006,Tshwane,AGNES CHIDI PRIMARY SCHOOL,School,1710,0.3947,0,0.4121,-1.74,1
32950133,79900007,Tshwane,LOTUS GARDENS SECONDARY SCHOOL,School,3976,0.4218,0,0.3854,3.64,0
32952225,79900007,Tshwane,FUSION SECONDARY SCHOOL,School,4940,0.415,0,0.3854,2.96,0
32952663,79900007,Tshwane,BAGALE PRIMARY SCHOOL,School,3150,0.4435,0,0.3854,5.81,0
86661030,79900008,Tshwane,DILOPYE PRIMARY SCHOOL,School,1442,0.4945,0,0.4142,8.03,0
86661041,79900008,Tshwane,PHALESANE PRIMARY SCHOOL,School,1182,0.3308,0,0.4142,-8.34,1
86661074,79900008,Tshwane,TIRANI BASADI CENTER,Hall/Centre,826,0.4358,0,0.4142,2.16,0
86730026,79900009,Tshwane,REFALOTSE PRIMARY SCHOOL,School,1978,0.3306,0,0.4179,-8.73,1
86730048,79900009,Tshwane,RELEBOGILE DAY CARE CENTRE,Hall/Centre,2449,0.3814,0,0.4179,-3.65,1
86730071,79900009,Tshwane,GALEBOE MIDDLE SCHOOL,School,1822,0.3908,0,0.4179,-2.71,1
32952045,79900010,Tshwane,BARAK EDUCATION FOUNDATION,Other,2560,0.3797,0,0.3916,-1.19,1
32952113,79900010,Tshwane,REPHAFUGILE SECONDARY SCHOOL,School,2930,0.2922,0,0.3916,-9.94,1
32952371,79900010,Tshwane,VIVA VILLAGE COMMUNITY CENTRE,Hall/Centre,1650,0.2752,0,0.3916,-11.64,1
32960280,79900011,Tshwane,PHAKAMONOLA PRIMARY SCHOOL,School,3045,0.4108,0,0.4155,-0.47,0
32960336,79900011,Tshwane,RIVONINGO PRIMARY SCHOOL,School,1971,0.4404,0,0.4155,2.49,0
32960369,79900011,Tshwane,MAKHOSINI SECONDARY SCHOOL,School,1693,0.4566,0,0.4155,4.11,0
86700090,79900012,Tshwane,MABOPANE HIGH SCHOOL,School,1638,0.3059,0,0.4074,-10.15,1
86700168,79900012,Tshwane,LETLOTLO MIDDLE SCHOOL,School,1715,0.3563,0,0.4074,-5.11,1
86700270,79900012,Tshwane,SHOSHANGAAN PRIMARY SCHOOL,School,1880,0.2809,0,0.4074,-12.65,1
32960662,79900013,Tshwane,OFFICE OPPOSITE TOM`S PLACE,Other,1117,0.3859,0,0.4131,-2.72,1
32960954,79900013,Tshwane,REVIVAL CHURCH,Church,1200,0.4042,0,0.4131,-0.89,0
32961102,79900013,Tshwane,ALL SAINTS FOR CHRIST CHURCH,Church,376,0.2553,0,0.4131,-15.78,1
86660804,79900014,Tshwane,MOLONDOLODZI PRE-SCHOOL,School,1565,0.4045,0,0.3973,0.72,0
86660815,79900014,Tshwane,RAPELEGO PRIMARY SCHOOL,School,1666,0.3872,0,0.3973,-1.01,1
86660826,79900014,Tshwane,KGOMBA PRIMARY SCHOOL,School,1505,0.4359,0,0.3973,3.86,0
32951493,79900015,Tshwane,PHATENG COMPREHENSIVE SCHOOL,School,1548,0.405,0,0.4108,-0.58,0
32951516,79900015,Tshwane,IKAGENG COMMUNITY CENTRE,Hall/Centre,2517,0.4446,0,0.4108,3.38,0
32952337,79900015,Tshwane,NELLMAPIUS PRIMARY SCHOOL EXT 6,School,3676,0.4255,0,0.4108,1.47,0
32951190,79900016,Tshwane,KOOS MATLI SCHOOL,School,1450,0.4214,0,0.4108,1.06,0
32951246,79900016,Tshwane,GATANG SCHOOL,School,1922,0.397,0,0.4108,-1.38,1
32951257,79900016,Tshwane,LEHLABILE SCHOOL,School,2200,0.4236,0,0.4108,1.28,0
32950830,79900017,Tshwane,MAHLASEDI MASANA SCHOOL,School,3937,0.3774,0,0.4029,-2.55,1
32952001,79900017,Tshwane,UNITING REFORMED CHURCH,Church,2766,0.3427,0,0.4029,-6.02,1
32952012,79900017,Tshwane,BONALESEDI SCHOOL,School,3390,0.3383,0,0.4029,-6.46,1
32951505,79900018,Tshwane,N' WA - VANGANI PRIMARY SCHOOL,School,2804,0.342,0,0.4148,-7.28,1
32951527,79900018,Tshwane,MOUNT GRACE MINISTRIES,Church,1947,0.414,0,0.4148,-0.08,0
32951538,79900018,Tshwane,RIBANE LAKA SECONDARY SCHOOL,School,1355,0.4694,0,0.4148,5.46,0
86730059,79900019,Tshwane,ABEL MOTSHWANE HIGH SCHOOL,School,3381,0.4407,0,0.4165,2.42,0
86730082,79900019,Tshwane,TLHABOLOGO AET CENTRE,Hall/Centre,1862,0.3706,0,0.4165,-4.59,1
86730093,79900019,Tshwane,THE GLOBAL CHURCH OF THE LORD JESUS CHRIST,Church,1200,0.4075,0,0.4165,-0.9,0
86700012,79900020,Tshwane,KGOMOTSO DAY CARE,Other,2729,0.3313,0,0.4002,-6.89,1
86700045,79900020,Tshwane,MORULA VIEW PRIMARY SCHOOL,School,3650,0.3956,0,0.4002,-0.46,1
86700124,79900020,Tshwane,NONG PRIMARY SCHOOL,School,2175,0.371,0,0.4002,-2.92,1
86700023,79900021,Tshwane,BAFETI MIDDLE SCHOOL,School,2123,0.4089,0,0.393,1.59,0
86700034,79900021,Tshwane,SETUMO KHIBA SECONDARY SCHOOL,School,2172,0.3978,0,0.393,0.48,1
86700135,79900021,Tshwane,UNIT X REVENUE OFFICES,Other,2824,0.3569,0,0.393,-3.61,1
86661580,79900022,Tshwane,MABOPANE ISLAMIC CENTRE,Hall/Centre,2249,0.4522,0,0.4101,4.21,0
86700056,79900022,Tshwane,TSHWANE WEST DISTRICT,Other,2722,0.3813,0,0.4101,-2.88,1
86700067,79900022,Tshwane,DR MOREOSELE HIGH SCHOOL,School,2728,0.4014,0,0.4101,-0.87,0
32951268,79900023,Tshwane,RETHABILE HALL,Hall/Centre,1863,0.3908,0,0.4187,-2.79,1
32951415,79900023,Tshwane,REFENTSE PRIMARY SCHOOL,School,1857,0.3796,0,0.4187,-3.91,1
32951572,79900023,Tshwane,MAMELODI HIGH SCHOOL,School,1965,0.4122,0,0.4187,-0.65,0
86730015,79900024,Tshwane,SISTERS OF MERCY SCHOOL,School,1182,0.3959,0,0.4233,-2.74,1
86730060,79900024,Tshwane,THULAGANYO MIDDLE SCHOOL,School,2211,0.3876,0,0.4233,-3.57,1
86730138,79900024,Tshwane,KULANI PRIMARY SCHOOL,School,3637,0.3038,0,0.4233,-11.95,1
32960011,79900025,Tshwane,AFRICAN GOSPEL CHURCH,Church,2138,0.3022,0,0.4149,-11.27,1
32960392,79900025,Tshwane,KGOTLELELANG PRIMARY SCHOOL,School,2925,0.3491,0,0.4149,-6.58,1
32960404,79900025,Tshwane,VUKOSI PRIMARY SCHOOL,School,2997,0.32,0,0.4149,-9.49,1
32960033,79900026,Tshwane,UTHANDO PRIMARY SCHOOL,School,1912,0.3593,0,0.4146,-5.53,1
32960178,79900026,Tshwane,SOSHANGUVE HIGH SCHOOL,School,2191,0.3884,0,0.4146,-2.62,1
32960279,79900026,Tshwane,SEETSA SAKGWEDI PRIMARY SCHOOL,School,1789,0.4097,0,0.4146,-0.49,0
32960189,79900027,Tshwane,SENTHIBELE SENIOR SECONDARY SCHOOL,School,1276,0.4028,0,0.4061,-0.33,0
32960303,79900027,Tshwane,NCHUNCHEKO PRIMARY SCHOOL,School,1766,0.4298,0,0.4061,2.37,0
32960314,79900027,Tshwane,DIMAKATSO PRIMARY SCHOOL,School,2906,0.4129,0,0.4061,0.68,0
32951460,79900028,Tshwane,LUTHERAN CHURCH (MODISA O MOLEMO),Church,1478,0.4235,0,0.404,1.95,0
32951471,79900028,Tshwane,MVELEDZO PRIMARY SCHOOL,School,1605,0.3607,0,0.404,-4.33,1
32951482,79900028,Tshwane,HOPE DAYCARE CENTRE,Hall/Centre,1610,0.3509,0,0.404,-5.31,1
32960101,79900029,Tshwane,DITHABANENG PRIMARY SCHOOL,School,1576,0.4232,0,0.4033,1.99,0
32960123,79900029,Tshwane,REDIBONE PRIMARY SCHOOL,School,1713,0.3666,0,0.4033,-3.67,1
32960190,79900029,Tshwane,PUTCO SOSHANGUVE,Other,1703,0.4516,0,0.4033,4.83,0
86690065,79900030,Tshwane,GA-RANKUWA PRIMARY SCHOOL,School,1984,0.3805,0,0.4045,-2.4,1
86690098,79900030,Tshwane,MAROPENG PRIMARY SCHOOL,School,3262,0.405,0,0.4045,0.05,0
86690122,79900030,Tshwane,MAPENANE MIDDLE SCHOOL,School,1834,0.386,0,0.4045,-1.85,1
33280017,79900031,Tshwane,VISSERSHOEK PRIMARY SCHOOL,School,1002,0.4222,0,0.4032,1.9,0
33280163,79900031,Tshwane,PREPARING LEADERSHIP OF TOMMOROW CRECHE,Other,298,0.8691,0,0.4032,46.59,0
86690010,79900031,Tshwane,TSELA-TSHWEU MOEPATHUTSE ABET CENTRE,Hall/Centre,1795,0.3699,0,0.4032,-3.33,1
32960707,79900032,Tshwane,SEFAKO MAKGATHO HEALTH SCIENCES UNIVERSITY,Other,1966,0.1322,0,0.4064,-27.42,1
32961191,79900032,Tshwane,KAMOGELO DAY CARE CENTER,Hall/Centre,904,0.5365,0,0.4064,13.01,0
86690043,79900032,Tshwane,TIM MODISE PRIMARY SCHOOL,School,2085,0.3559,0,0.4064,-5.05,1
32960044,79900033,Tshwane,BOEPATHUTSE JUNIOR SECONDARY SCHOOL,School,1565,0.3936,0,0.4039,-1.03,1
32960055,79900033,Tshwane,LETHABONG SECONDARY SCHOOL,School,2249,0.3739,0,0.4039,-3.0,1
32960066,79900033,Tshwane,HLANGANANI HIGH SCHOOL,School,1588,0.4307,0,0.4039,2.68,0
32960077,79900034,Tshwane,RHULANI COMBINED SCHOOL,School,2106,0.3851,0,0.4109,-2.58,1
32960088,79900034,Tshwane,PHUMZILE PRIMARY SCHOOL,School,1996,0.2435,0,0.4109,-16.74,1
32960099,79900034,Tshwane,KHENSANI PRIMARY SCHOOL,School,3151,0.378,0,0.4109,-3.29,1
32960156,79900035,Tshwane,A RETHABENG PRIMARY SCHOOL,School,1946,0.4702,0,0.4072,6.3,0
32960167,79900035,Tshwane,RETHOMILE JUNIOR SECONDARY SCHOOL,School,1692,0.2335,0,0.4072,-17.37,1
32960572,79900035,Tshwane,TIPFUXENI PRIMARY SCHOOL,School,3163,0.4154,0,0.4072,0.82,0
32960022,79900036,Tshwane,SHALOM PRIMARY SCHOOL,School,2292,0.3486,0,0.4005,-5.19,1
32960134,79900036,Tshwane,TSHWANE NORTH COLLEGE,School,834,0.1055,0,0.4005,-29.5,1
32960471,79900036,Tshwane,SINQOBILE PRIMARY SCHOOL,School,1469,0.4309,0,0.4005,3.04,0
32960796,79900037,Tshwane,KGETHEGO EARLY LEARNING CENTRE,Hall/Centre,4631,0.3556,0,0.4112,-5.56,1
32960820,79900037,Tshwane,COMMANDMENT OF GOD MINISTRY (CGM),Church,3436,0.3719,0,0.4112,-3.93,1
32960921,79900037,Tshwane,REVIVAL FOR ALL NATIONS’ MINISTRIES,Church,1757,0.4559,0,0.4112,4.47,0
32951213,79900038,Tshwane,SHIRINDA PRIMARY SCHOOL,School,2081,0.2778,0,0.395,-11.72,1
32951224,79900038,Tshwane,SEVENTH DAY ADVENTIST CHURCH,Church,1917,0.2201,0,0.395,-17.49,1
32951303,79900038,Tshwane,MINI MUNITORIA,Other,357,0.1709,0,0.395,-22.41,1
32960594,79900039,Tshwane,REABETSWE PRIMARY SCHOOL,School,3840,0.3789,0,0.415,-3.61,1
32960606,79900039,Tshwane,SEAGENG SECONDARY SCHOOL,School,2655,0.3476,0,0.415,-6.74,1
32960695,79900039,Tshwane,AYANDA PRIMARY SCHOOL,School,2443,0.3262,0,0.415,-8.88,1
32952023,79900040,Tshwane,MEETSE A BOPHELO PRIMARY,School,3166,0.2631,0,0.4093,-14.62,1
32952056,79900040,Tshwane,PFUNZO NDI TSHEDZA SCHOOL,School,5368,0.3204,0,0.4093,-8.89,1
32952405,79900040,Tshwane,FUTURE GLORY MINISTRIES PHOMOLONG,Church,2744,0.2715,0,0.4093,-13.78,1
32950278,79900041,Tshwane,LAERSKOOL MEYERSPARK,School,2576,0.5466,0,0.514,3.26,0
32950425,79900041,Tshwane,LAERSKOOL SKUILKRANS,School,3879,0.58,0,0.514,6.6,0
32950964,79900041,Tshwane,LAERSKOOL SILVERTON,School,2754,0.419,0,0.514,-9.5,0
32950841,79900042,Tshwane,MONUMENT PARK LAERSKOOL,School,3842,0.5606,0,0.5518,0.88,0
32950852,79900042,Tshwane,WATERKLOOF BAPTIST CHURCH,Church,2992,0.5795,0,0.5518,2.77,0
32951022,79900042,Tshwane,WATERKLOOF PRIMARY SCHOOL,School,3305,0.5691,0,0.5518,1.73,0
32950919,79900043,Tshwane,NORRIDGE PARK PRIMARY SCHOOL,School,2795,0.2594,0,0.3969,-13.75,1
32950920,79900043,Tshwane,P.S. FOURIE PRIMARY SCHOOL,School,2724,0.4545,0,0.3969,5.76,0
32950931,79900043,Tshwane,TENT AT LABOUR & PEGGY BARNES,Tent,2766,0.4595,1,0.3969,6.26,0
32950245,79900044,Tshwane,TENT AT CNR VAALKOP & TZANEEN STREET,Tent,3182,0.5229,1,0.5143,0.86,0
32951033,79900044,Tshwane,NG KERK VALLEISIG,Church,2497,0.6119,0,0.5143,9.76,0
32952078,79900044,Tshwane,TOMORROWS PEOPLE COLLEGE,School,2772,0.5841,0,0.5143,6.98,0
32950818,79900045,Tshwane,PRETORIUS PARK ELECTRICITY DEPOT,Other,1595,0.4408,0,0.5337,-9.29,0
32951077,79900045,Tshwane,GARSFONTEIN HOËRSKOOL,Other,3762,0.5494,0,0.5337,1.57,0
32951088,79900045,Tshwane,GARSFONTEIN LAERSKOOL,School,2165,0.6485,0,0.5337,11.48,0
32950874,79900046,Tshwane,LYNNWOOD RIDGE PRIMARY SCHOOL,School,3428,0.5957,0,0.5468,4.89,0
32950986,79900046,Tshwane,N.G KERK SILVERTON KRUIN,Church,1977,0.567,0,0.5468,2.02,0
32951044,79900046,Tshwane,ST ALBANS COLLEGE,School,2834,0.5879,0,0.5468,4.11,0
32950885,79900047,Tshwane,LAERSKOOL ELARDUSPARK,School,2775,0.5697,0,0.548,2.17,0
32950997,79900047,Tshwane,CHOOSE LIFE CHURCH,Church,4350,0.5926,0,0.548,4.46,0
32951000,79900047,Tshwane,KLEUTERGENOT PRE PRIMARY SCHOOL,School,3232,0.5968,0,0.548,4.88,0
32980237,79900048,Tshwane,HEUWELOORD COMMUNITY TEST CENTRE,Hall/Centre,6538,0.4787,0,0.454,2.47,0
32980293,79900048,Tshwane,TENT AT MNANDI SPAR,Tent,1733,0.4143,1,0.454,-3.97,0
32980349,79900048,Tshwane,TENT - 114 CRECH MISSION,Tent,1180,0.511,1,0.454,5.7,0
33160014,79900049,Tshwane,MOKONYAMA PRIMARY SCHOOL,School,1771,0.4816,0,0.4074,7.42,0
33160025,79900049,Tshwane,HAMMANSKRAAL SECONDARY SCHOOL,School,2033,0.3738,0,0.4074,-3.36,1
33170060,79900049,Tshwane,NG KERK PETRONELLA,Church,1112,0.5369,0,0.4074,12.95,0
32951639,79900050,Tshwane,NORTHRIDGE PRIMARY SCHOOL,School,2214,0.5976,0,0.5446,5.3,0
32951684,79900050,Tshwane,HOËRSKOOL OVERKRUIN,Other,3563,0.6214,0,0.5446,7.68,0
32951842,79900050,Tshwane,WONDERBOOM LAERSKOOL,School,4040,0.7663,0,0.5446,22.17,0
32950740,79900051,Tshwane,ZODWA SPECIAL SCHOOL,School,2025,0.4573,0,0.3906,6.67,0
32950751,79900051,Tshwane,ISAAC MORE PRIMARY SCHOOL,School,2432,0.4766,0,0.3906,8.6,0
32950795,79900051,Tshwane,BOKGONI TECHNICAL SCHOOL,School,2966,0.4322,0,0.3906,4.16,0
32950357,79900052,Tshwane,HUIS VERGENOEG,Other,2891,0.6427,0,0.5126,13.01,0
32950368,79900052,Tshwane,LAERSKOOL VILLIERIA,School,3274,0.5638,0,0.5126,5.12,0
32950391,79900052,Tshwane,TOTIUSDAL LAERSKOOL,School,3043,0.6615,0,0.5126,14.89,0
32950111,79900053,Tshwane,SKEMERVREUGDE DIENSSENTRUM (SILWERKROON),Other,1600,0.5744,0,0.5298,4.46,0
32950256,79900053,Tshwane,RIETONDALE SECONDARY SCHOOL,School,2540,0.4862,0,0.5298,-4.36,0
32950335,79900053,Tshwane,KORFBALVELD,Other,1990,0.5075,0,0.5298,-2.23,0
32950076,79900054,Tshwane,BERGSIG LAERSKOOL,School,3031,0.6156,0,0.5362,7.94,0
32950302,79900054,Tshwane,MAYVILLE LAERSKOOL,School,3077,0.5375,0,0.5362,0.13,0
32950313,79900054,Tshwane,LAERSKOOL WONDERBOOM SUID,School,3828,0.6215,0,0.5362,8.53,0
32950043,79900055,Tshwane,TUINE HOËRSKOOL,Other,3012,0.574,0,0.447,12.7,0
32950087,79900055,Tshwane,LAERSKOOL BOOYSENS,School,4916,0.4626,0,0.447,1.56,0
32952539,79900055,Tshwane,HOËR TEGNIESE SKOOL PRETORIA - TUINE,Other,3354,0.4487,0,0.447,0.17,0
32950504,79900056,Tshwane,PRETORIA-OOS LAERSKOOL,School,2519,0.478,0,0.5062,-2.82,0
32950548,79900056,Tshwane,ANTON VAN WOUW LAERSKOOL,School,1716,0.4691,0,0.5062,-3.71,0
32950593,79900056,Tshwane,TENT - BELGRAVE SQUARE PARK,Tent,3221,0.2639,1,0.5062,-24.23,1
32980057,79900057,Tshwane,LAERSKOOL LOUIS LEIPOLDT,School,4956,0.5222,0,0.486,3.62,0
32980068,79900057,Tshwane,LYTTELTON PRIMARY SCHOOL,School,2951,0.5198,0,0.486,3.38,0
32980125,79900057,Tshwane,TENT AT BANQUET HALL,Tent,5241,0.477,1,0.486,-0.9,0
32950199,79900058,Tshwane,MC MOTOR CORP,Other,956,0.3588,0,0.3816,-2.28,1
32950223,79900058,Tshwane,CITY HALL,Hall/Centre,5345,0.2019,0,0.3816,-17.97,1
32950346,79900058,Tshwane,RIVIERA LAERSKOOL,School,1887,0.3402,0,0.3816,-4.14,1
32950289,79900059,Tshwane,LAERSKOOL PARATUS,School,2260,0.131,0,0.4671,-33.61,1
32950481,79900059,Tshwane,FRED WEST HALL- GEORGE BRINK SPORTS CLUB,Hall/Centre,2620,0.2317,0,0.4671,-23.54,1
32950492,79900059,Tshwane,METHODIST CHURCH,Church,2811,0.2231,0,0.4671,-24.4,1
32950122,79900060,Tshwane,GENERAAL BEYERS LAERSKOOL,School,3875,0.4248,0,0.3862,3.86,0
32950144,79900060,Tshwane,WESTERLIG LAERSKOOL,School,3013,0.4739,0,0.3862,8.77,0
32950155,79900060,Tshwane,TENT - PARK WESTVIEW,Tent,2507,0.487,1,0.3862,10.08,0
32980248,79900061,Tshwane,LAERSKOOL ERASMIA,School,2951,0.5466,0,0.3838,16.28,0
32980259,79900061,Tshwane,JACARANDA PRIMARY SCHOOL,School,1965,0.4926,0,0.3838,10.88,0
32980260,79900061,Tshwane,LAUDIUM COMMUNITY HALL,Hall/Centre,1774,0.4893,0,0.3838,10.55,0
32950683,79900062,Tshwane,KGABO PRIMARY SCHOOL,School,1217,0.5472,0,0.4049,14.23,0
32950739,79900062,Tshwane,SEAPARANKWE PRIMARY SCHOOL,School,2209,0.4319,0,0.4049,2.7,0
32950762,79900062,Tshwane,MATSEKE PRIMARY SCHOOL,School,2218,0.4617,0,0.4049,5.68,0
32950649,79900063,Tshwane,THOHO YANDOU PRIMARY SCHOOL,School,1993,0.429,0,0.4075,2.15,0
32950650,79900063,Tshwane,ESIKHISINI COMBINED SCHOOL,School,1338,0.4148,0,0.4075,0.73,0
32950672,79900063,Tshwane,MAKGATHO PRIMARY SCHOOL,School,2272,0.3996,0,0.4075,-0.79,1
32980103,79900064,Tshwane,AFM ROOIHUISKRAAL COMMUNITY CHURCH,Church,3309,0.5672,0,0.4849,8.23,0
32980170,79900064,Tshwane,LAERSKOOL UITSIG,School,3754,0.5152,0,0.4849,3.03,0
32980204,79900064,Tshwane,HOËRSKOOL UITSIG,Other,2916,0.561,0,0.4849,7.61,0
32980035,79900065,Tshwane,IRENE PRIMARY SCHOOL,School,5751,0.5886,0,0.5202,6.84,0
32980091,79900065,Tshwane,LAERSKOOL ROOIHUISKRAAL,School,3588,0.5304,0,0.5202,1.02,0
32980383,79900065,Tshwane,TENT - CENTURION TESTING GROUND,Tent,5832,0.493,1,0.5202,-2.72,0
32950267,79900066,Tshwane,VHALLIESPARK PRIMARY SCHOOL,School,3941,0.5643,0,0.567,-0.27,0
32951943,79900066,Tshwane,LAERSKOOL SWARTKOP,School,3345,0.5997,0,0.567,3.27,0
32980147,79900066,Tshwane,ALPHA CENTURION RUNNER CLUB,Other,4152,0.4793,0,0.567,-8.77,0
32951314,79900067,Tshwane,12 APOSTOLIC CHURCH,Church,1326,0.365,0,0.4201,-5.51,1
32951325,79900067,Tshwane,EMTHUNZINI PRIMARY SCHOOL,School,1917,0.3813,0,0.4201,-3.88,1
32951370,79900067,Tshwane,SALVATION ARMY CHURCH,Church,1372,0.3907,0,0.4201,-2.94,1
32950627,79900068,Tshwane,MASIZANE PRIMARY SCHOOL,School,2687,0.4161,0,0.4165,-0.04,0
32950638,79900068,Tshwane,EDWARD PHATUDI HIGH SCHOOL,School,3857,0.3985,0,0.4165,-1.8,1
32950661,79900068,Tshwane,KINGDOM LIFE CHILDREN CENTRE,Hall/Centre,1359,0.418,0,0.4165,0.15,0
32980169,79900069,Tshwane,KIEPERSOL COMMUNITY HALL ELDORAIGNE,Hall/Centre,4005,0.6492,0,0.5725,7.67,0
32980181,79900069,Tshwane,NG WIERDA PARK,Other,4348,0.6658,0,0.5725,9.33,0
32980215,79900069,Tshwane,LAERSKOOL BAKENKOP,School,5867,0.5355,0,0.5725,-3.7,0
32980192,79900070,Tshwane,LAERSKOOL WIERDAPARK,School,4726,0.5667,0,0.5253,4.14,0
32980226,79900070,Tshwane,ZWARTKOP LAPA,Other,3392,0.6002,0,0.5253,7.49,0
32980338,79900070,Tshwane,MADIBA CAFE,Other,2958,0.3191,0,0.5253,-20.62,1
32951763,79900071,Tshwane,TENT - OPEN-SPACE NEXT TO DR MABE,Tent,2579,0.2776,1,0.3969,-11.93,1
32951774,79900071,Tshwane,MODIRWADI DAY CARE,Other,2231,0.3052,0,0.3969,-9.17,1
32951785,79900071,Tshwane,SITHOLE COMMUNITY HALL,Hall/Centre,4201,0.309,0,0.3969,-8.79,1
32950694,79900072,Tshwane,N'WA MHINGA PRIMARY SCHOOL,School,2100,0.4576,0,0.4051,5.25,0
32950706,79900072,Tshwane,MAKGWARANENG PRIMARY SCHOOL,School,2577,0.4346,0,0.4051,2.95,0
32950717,79900072,Tshwane,PATOGENG PRIMARY SCHOOL,School,2255,0.4009,0,0.4051,-0.42,0
33170048,79900073,Tshwane,PHARANANI MULTIPURPOSE CENTRE,Hall/Centre,3025,0.3564,0,0.391,-3.46,1
33170127,79900073,Tshwane,ST CAMILLIS SKOOL,Other,1198,0.4382,0,0.391,4.72,0
33170150,79900073,Tshwane,DITEBOGO DAY CARE CENTER,Hall/Centre,1945,0.4288,0,0.391,3.78,0
86661210,79900074,Tshwane,MAROKOLONG PRIMARY SCHOOL,School,1793,0.3926,0,0.406,-1.34,1
86720025,79900074,Tshwane,GLORY CHRISTIAN CHURCH,Church,1191,0.4106,0,0.406,0.46,0
86720081,79900074,Tshwane,RENEILWE PRIMARY SCHOOL,School,1791,0.3562,0,0.406,-4.98,1
86720014,79900075,Tshwane,MADISONG SECONDARY SCHOOL,School,2010,0.4134,0,0.4052,0.82,0
86720036,79900075,Tshwane,LEBONENG PRIMARY SCHOOL,School,1237,0.3727,0,0.4052,-3.25,1
86720047,79900075,Tshwane,PHL MORAKA HIGH SCHOOL,School,2038,0.4519,0,0.4052,4.67,0
86661052,79900076,Tshwane,MABUATLOU PRIMARY SCHOOL,School,1858,0.3875,0,0.4112,-2.37,1
86661119,79900076,Tshwane,LETHABONG LA RONA DAY CARE CENTRE,Hall/Centre,1961,0.3794,0,0.4112,-3.18,1
86661704,79900076,Tshwane,KEKANA PRIMARY SCHOOL,School,1098,0.4435,0,0.4112,3.23,0
32980114,79900077,Tshwane,OREFILE PRIMARY SCHOOL,School,6651,0.3118,0,0.3632,-5.14,1
32980394,79900077,Tshwane,SESHEGONG SECONDARY SCHOOL,School,6241,0.2663,0,0.3632,-9.69,1
32980428,79900077,Tshwane,TENT - CNR. ROOIHUISKRAAL & RIETSPRUIT ROAD,Tent,2948,0.5312,1,0.3632,16.8,0
32980079,79900078,Tshwane,LAERSKOOL DORINGKLOOF,School,5733,0.5863,0,0.5282,5.81,0
32980080,79900078,Tshwane,KERK SONDER MURE,Church,4309,0.5609,0,0.5282,3.27,0
32980136,79900078,Tshwane,TENT (OPEN SPACE C/O LENCHEN AVE & JOHN VORSTER),Tent,2970,0.4825,1,0.5282,-4.57,0
32952898,79900079,Tshwane,TENT - PEFFER & VAN POMMEREN STREET,Tent,1268,0.7539,1,0.514,23.99,0
32952966,79900079,Tshwane,TENT - OPEN SPACE CNR. BOEING & PIERING,Tent,1937,0.6484,1,0.514,13.44,0
32980013,79900079,Tshwane,N.G CHURCH PIERRE VAN RYNEVELD,Church,4064,0.6191,0,0.514,10.51,0
32950458,79900080,Tshwane,LAERSKOOL OOST EIND,School,3810,0.1787,0,0.3917,-21.3,1
32951145,79900080,Tshwane,HAMILTON PRIMARY SCHOOL,School,6729,0.192,0,0.3917,-19.97,1
32951910,79900080,Tshwane,JOPIE FOURIE LAERSKOOL,School,2533,0.4149,0,0.3917,2.32,0
32950447,79900081,Tshwane,TENT AT CALEDONIAN SPORTS GROUNDS,Tent,2449,0.1776,1,0.3366,-15.9,1
32950470,79900081,Tshwane,TENT AT JUBILEE SQUARE PARK,Tent,7347,0.1929,1,0.3366,-14.37,1
32952977,79900081,Tshwane,HARMONIE HOF HOME OF THE ELDERLY,Other,1984,0.2913,0,0.3366,-4.53,1
32950605,79900082,Tshwane,LAERSKOOL LYNNWOOD,School,2915,0.5873,0,0.5693,1.8,0
32950616,79900082,Tshwane,LAERSKOOL MENLOPARK,School,4527,0.5379,0,0.5693,-3.14,0
32950863,79900082,Tshwane,NEDERDUITSE GEREFORMEERDE KERK,Church,2995,0.6307,0,0.5693,6.14,0
32950212,79900083,Tshwane,WATERKLOOF HOËRSKOOL,Other,2495,0.5539,0,0.5224,3.15,0
32950829,79900083,Tshwane,SCOUT CENTRE,Hall/Centre,2916,0.6238,0,0.5224,10.14,0
32950896,79900083,Tshwane,TENT NEXT TO RADEMEYERS CONSERVATION,Tent,3421,0.563,1,0.5224,4.06,0
32950403,79900084,Tshwane,LAERSKOOL PIERNEEF,School,2732,0.6164,0,0.5163,10.01,0
32950414,79900084,Tshwane,QUEENSWOOD LAERSKOOL,School,2185,0.4993,0,0.5163,-1.7,0
32950436,79900084,Tshwane,TENT RIETONDALE PARK,Tent,2037,0.5709,1,0.5163,5.46,0
32950290,79900085,Tshwane,WILLOWRIDGE HIGH SCHOOL,School,3715,0.6124,0,0.5292,8.32,0
32950571,79900085,Tshwane,WILLOWS METHODIST CHURCH,Church,2863,0.5732,0,0.5292,4.4,0
32952304,79900085,Tshwane,STELLENBERG DEPOT,Other,3223,0.5662,0,0.5292,3.7,0
32950201,79900086,Tshwane,NELLMAPIUS PRIMARY SCHOOL,School,4544,0.3365,0,0.4087,-7.22,1
32952089,79900086,Tshwane,VUKAUZENZELE PRIMARY SCHOOL,School,3221,0.3673,0,0.4087,-4.14,1
32953046,79900086,Tshwane,NELLMAPIUS COMMUNITY HALL AND LIBRARY,Hall/Centre,3322,0.3781,0,0.4087,-3.06,1
32951864,79900087,Tshwane,DE VRIES AMBULANS AKADEMIE,Other,651,0.3456,0,0.4744,-12.88,1
32951886,79900087,Tshwane,DERDEPOORT LAERSKOOL,School,2845,0.4475,0,0.4744,-2.69,0
32952360,79900087,Tshwane,TENT ON CNR PARK BRAAM PRETORIUS & FLUFF TAIL STR,Tent,1878,0.7279,1,0.4744,25.35,0
32960381,79900088,Tshwane,PULAMADIBOGO PRIMARY SCHOOL,School,2412,0.3719,0,0.4148,-4.29,1
32960437,79900088,Tshwane,ST FRANCIS PRIMARY SCHOOL,School,2399,0.3835,0,0.4148,-3.13,1
32960448,79900088,Tshwane,KGOMOTSO HIGH SCHOOL,School,2201,0.3985,0,0.4148,-1.63,1
32960505,79900089,Tshwane,RODNEY MOKOENA PRIMARY SCHOOL,School,1997,0.3976,0,0.4132,-1.56,1
32960640,79900089,Tshwane,REFIHLILE-PELE PRIMARY SCHOOL,School,3805,0.3083,0,0.4132,-10.49,1
32960684,79900089,Tshwane,BOKAMOSO PRIMARY SCHOOL,School,4774,0.2857,0,0.4132,-12.75,1
32960516,79900090,Tshwane,LESEDI PRIMARY SCHOOL,School,3788,0.3762,0,0.4096,-3.34,1
32960673,79900090,Tshwane,SOSHANGUVE EAST SECONDARY,School,2928,0.3586,0,0.4096,-5.1,1
32960763,79900090,Tshwane,PELE PRIMARY SCHOOL,School,2994,0.353,0,0.4096,-5.66,1
32952315,79900091,Tshwane,TENT - WEKKER & MARY ETHEL,Tent,7019,0.582,1,0.4639,11.81,0
32953349,79900091,Tshwane,TENT JOZINI & WEKKER,Tent,843,0.7936,1,0.4639,32.97,0
32953350,79900091,Tshwane,TENT LUCKYBEAN NEXT TO VISTARIA COMPLEX,Tent,929,0.7578,1,0.4639,29.39,0
32950469,79900092,Tshwane,PRETORIA TECHNICAL HIGH SCHOOL,School,2293,0.2564,0,0.3955,-13.91,1
32950559,79900092,Tshwane,HOTEL 224,Other,2676,0.2877,0,0.3955,-10.78,1
32950560,79900092,Tshwane,TENT- UNION BUILDING OPEN SPACE,Tent,3265,0.2542,1,0.3955,-14.13,1
32951189,79900093,Tshwane,STANZA BOPAPE HIGH SCHOOL,School,1604,0.2855,0,0.4104,-12.49,1
32951820,79900093,Tshwane,NEW DAY MINISTRIES CHURCH,Church,2335,0.269,0,0.4104,-14.14,1
32952124,79900093,Tshwane,REFORMED APOSTOLIC CHURCH PHASE 1,Church,1641,0.3821,0,0.4104,-2.83,1
32960202,79900094,Tshwane,TIAMOKO PRIMARY SCHOOL,School,1592,0.4278,0,0.4136,1.42,0
32960213,79900094,Tshwane,BAXOXELA PRIMARY SCHOOL,School,2214,0.4833,0,0.4136,6.97,0
32960224,79900094,Tshwane,PADISAGO PRIMARY SCHOOL,School,1550,0.431,0,0.4136,1.74,0
33170082,79900095,Tshwane,TENT NEXT TO PB ALGEMENE HANDELAAR,Tent,1711,0.453,1,0.407,4.6,0
86660848,79900095,Tshwane,ALFA HEALTH CENTRE,Hall/Centre,2095,0.3174,0,0.407,-8.96,1
86660927,79900095,Tshwane,TENT - NO PROBLEM STORE,Tent,885,0.4621,1,0.407,5.51,0
32951707,79900096,Tshwane,NG KERK DOORNPOORT,Church,4490,0.5991,0,0.4936,10.55,0
32952067,79900096,Tshwane,PLOT/ 827 BACCARA,Other,4063,0.3955,0,0.4936,-9.81,1
32952641,79900096,Tshwane,THORNRIDGE SECONDARY SCHOOL,School,1974,0.6094,0,0.4936,11.58,0
32951729,79900097,Tshwane,THE GRACE OF THE LIVING GOD MINISTRIES,Church,2878,0.2682,0,0.416,-14.78,1
32952102,79900097,Tshwane,SEDIBA SA THUTO PRIMARY SCHOOL,School,2377,0.4026,0,0.416,-1.34,0
32952157,79900097,Tshwane,ASSEMBLIES OF GOD-STANZA BOPAPE,Other,2811,0.3476,0,0.416,-6.84,1
32951673,79900098,Tshwane,HOËRSKOOL GERRIT MARITZ,Other,2017,0.5746,0,0.4505,12.41,0
32960482,79900098,Tshwane,THERESA PARK PRIMARY SCHOOL,School,3340,0.4826,0,0.4505,3.21,0
32960493,79900098,Tshwane,LAERSKOOL AKASIA,School,2617,0.4119,0,0.4505,-3.86,0
33050012,79900099,Tshwane,REFILWE MUNICIPAL OFFICES,Other,1683,0.3339,0,0.4104,-7.65,1
33050034,79900099,Tshwane,REFILWE LIBRARY,Other,2364,0.3519,0,0.4104,-5.85,1
33050089,79900099,Tshwane,CHOKOE PRIMARY SCHOOL,School,1697,0.3736,0,0.4104,-3.68,1
33050045,79900100,Tshwane,CULLINAN COMBINE SCHOOL,School,1846,0.5558,0,0.4325,12.33,0
33050056,79900100,Tshwane,RAYTON COMMUNITY HALL,Hall/Centre,2121,0.5464,0,0.4325,11.39,0
33050067,79900100,Tshwane,CHRIS HANI FLATS,Other,289,0.0623,0,0.4325,-37.02,1
32952506,79900101,Tshwane,TENT - OPEN SPACE OPP THE WILDS ESTATE,Tent,3613,0.5286,1,0.5205,0.81,0
33110244,79900101,Tshwane,SILVERLAKES CLUB HOUSE,Other,3540,0.6749,0,0.5205,15.44,0
33110255,79900101,Tshwane,LAERSKOOL TYGERPOORT,School,3164,0.5449,0,0.5205,2.44,0
33040033,79900102,Tshwane,MSHULUZANE MAISELA PRIMARY SCHOOL,School,2980,0.4527,0,0.4151,3.76,0
33040055,79900102,Tshwane,KGORO PRIMARY SCHOOL,School,1845,0.4558,0,0.4151,4.07,0
33040066,79900102,Tshwane,BRONKHORSTSPRUIT PRIMARY SCHOOL,School,1632,0.462,0,0.4151,4.69,0
33040011,79900103,Tshwane,CHRISTIAN CATHOLIC CHURCH,Church,1070,0.4065,0,0.4155,-0.9,0
33040022,79900103,Tshwane,COMMUNITY HALL RETHABISENG,Hall/Centre,1711,0.4582,0,0.4155,4.27,0
33040101,79900103,Tshwane,RETHABISENG PRIMARY SCHOOL,School,1702,0.4377,0,0.4155,2.22,0
54510016,79900104,Tshwane,ZIVUSENI COMBINED SCHOOL,School,1235,0.4283,0,0.422,0.63,0
54510027,79900104,Tshwane,SITJHEJIWE SECONDARY SCHOOL,School,2632,0.3594,0,0.422,-6.26,1
54510061,79900104,Tshwane,MANDLOMSOBO COMBINED SCHOOL,School,1373,0.3948,0,0.422,-2.72,1
33040044,79900105,Tshwane,R.J SEKGOLELA CENTRE,Hall/Centre,2051,0.3554,0,0.4147,-5.93,1
33040077,79900105,Tshwane,LAERSKOOL DU PREEZ VAN WYK,School,1925,0.5039,0,0.4147,8.92,0
33040088,79900105,Tshwane,KAIA MANZI LODGE,Other,831,0.6041,0,0.4147,18.94,0
32980305,79900106,Tshwane,TENT - NEXT TO OLD PHILENA MIDDLE SCHOOL,Tent,827,0.3229,1,0.4032,-8.03,1
32980372,79900106,Tshwane,WALTER SISULU PRIMARY SCHOOL,School,7134,0.2996,0,0.4032,-10.36,1
32980417,79900106,Tshwane,OLIEVENHOUTBOSCH CHRISTIAN-SCHOOL,School,4699,0.3092,0,0.4032,-9.4,1
32951808,79900107,Tshwane,WORD ALIVE CHRISTIAN CHURCH,Church,4164,0.3415,0,0.4031,-6.16,1
33280084,79900107,Tshwane,GRACE CHRISTIAN WORSHIP CENTRE,Hall/Centre,6349,0.3298,0,0.4031,-7.33,1
33280095,79900107,Tshwane,OASIS DAY CARE AND COMMUNITY CRECHE,Hall/Centre,2273,0.3942,0,0.4031,-0.89,1
